datetime,season,holiday,workingday,weather,temp,humidity,windspeed,count
2023-01-01 00:00:00,3,0,1,2,28.953554307625996,43.7397125547974,18.359723039072488,192
2023-01-01 01:00:00,4,0,1,2,13.684222708346686,76.46559831355411,16.921010360029484,198
2023-01-01 02:00:00,1,0,0,1,22.53165238037981,64.51523046223508,10.027857391001039,189
2023-01-01 03:00:00,3,0,1,3,28.203440126124562,60.352265038673146,16.247740947990383,199
2023-01-01 04:00:00,3,0,1,1,19.66387435296287,40.492679454435,9.084719076328055,173
2023-01-01 05:00:00,4,0,1,1,24.547409121411345,86.07015863869518,13.736183724519073,187
2023-01-01 06:00:00,1,0,1,2,14.835703561124284,73.2940549066622,20.14706550477663,186
2023-01-01 07:00:00,1,0,1,1,18.03533416571903,48.941583252653956,18.98350963535371,187
2023-01-01 08:00:00,3,0,1,2,17.941405691196596,80.03649707363874,15.075914712702165,229
2023-01-01 09:00:00,2,0,1,2,12.534216534597611,50.048583232295854,10.125967120385791,194
2023-01-01 10:00:00,3,0,1,1,18.232258368842178,44.35993014977926,18.227938560870967,168
2023-01-01 11:00:00,3,0,1,2,4.5138170113625335,44.805937650394256,15.096906188490125,206
2023-01-01 12:00:00,3,0,1,1,15.088462528578953,24.578628938238175,3.3984220088478834,230
2023-01-01 13:00:00,3,0,0,1,17.151245066303293,69.43084760836412,18.91314913158259,208
2023-01-01 14:00:00,4,0,0,2,17.438202475046197,23.377102433233,14.87883583065154,200
2023-01-01 15:00:00,1,0,0,3,17.58502554129221,35.431123374684745,21.01225623991536,198
2023-01-01 16:00:00,4,0,1,1,19.38235800139871,18.488239818429335,9.523647405785976,193
2023-01-01 17:00:00,4,0,1,1,24.79441518086064,58.27860614418214,-0.883519065980003,200
2023-01-01 18:00:00,4,1,0,2,28.745170741325225,56.99359079456256,16.395419291725926,184
2023-01-01 19:00:00,3,0,1,2,13.502347731517329,53.46607573627272,16.45781838340986,186
2023-01-01 20:00:00,2,0,0,2,7.967991446108556,39.14844610658847,6.54664186196774,209
2023-01-01 21:00:00,1,0,1,1,9.579555877568971,36.5553249312672,10.107502270666968,202
2023-01-01 22:00:00,2,1,1,1,15.127970788050728,69.28739727093148,28.77608871859951,199
2023-01-01 23:00:00,4,0,0,1,16.480786821834908,48.98896136583025,13.471946929230983,200
2023-01-02 00:00:00,4,0,1,2,12.300039338025426,66.3271664307229,18.65479488188108,186
2023-01-02 01:00:00,2,0,0,1,7.038833357501055,42.295026277515554,11.74670086315808,207
2023-01-02 02:00:00,2,0,0,1,15.438791725258119,63.62125485542165,4.548485505734217,178
2023-01-02 03:00:00,2,0,1,3,21.814266201139713,86.06556074632127,14.148708766020473,181
2023-01-02 04:00:00,4,0,1,1,25.95029465835565,71.72331600785567,13.671977198569474,201
2023-01-02 05:00:00,4,0,1,3,14.425769468916789,51.751723635670395,13.000608806658143,204
2023-01-02 06:00:00,1,0,1,2,15.87002177856566,65.14397940711855,14.426795822468037,197
2023-01-02 07:00:00,1,1,1,2,10.733016911526892,55.18669650939574,16.32134135822818,208
2023-01-02 08:00:00,4,1,1,1,19.685608296252237,60.157603693894565,14.249415243730967,191
2023-01-02 09:00:00,2,0,0,1,11.515713658091855,53.48777895702992,8.67996916026318,206
2023-01-02 10:00:00,2,0,1,2,25.731278132412,56.71329588229217,17.430923957809693,214
2023-01-02 11:00:00,1,0,0,2,2.1413350806588882,64.2418670614835,5.253141223387884,190
2023-01-02 12:00:00,4,0,0,2,16.40370327547538,40.132826008360986,4.748212713578999,184
2023-01-02 13:00:00,1,0,1,1,23.011073391917417,39.68242346020043,18.69590247350784,208
2023-01-02 14:00:00,1,0,0,2,21.838345163225043,32.22914892337578,17.535101360676784,173
2023-01-02 15:00:00,3,0,1,2,46.93033663980496,27.994577909925802,14.71302317462982,203
2023-01-02 16:00:00,3,1,1,2,23.498000245679073,35.65434615559041,8.02275747622464,194
2023-01-02 17:00:00,3,0,0,2,9.959454031579902,63.189250136082585,11.460445296629624,185
2023-01-02 18:00:00,2,0,1,2,19.04535752910927,42.14424969016232,13.68626626156748,197
2023-01-02 19:00:00,4,0,0,2,2.23753666533548,70.27228928462192,7.020530157129432,189
2023-01-02 20:00:00,4,0,1,1,19.19400250703239,60.694274975051236,11.304856709883836,199
2023-01-02 21:00:00,4,0,1,1,11.669439429992414,20.629915731238924,18.2616516908834,192
2023-01-02 22:00:00,4,0,1,1,29.153902755601617,73.09951168443379,22.136526821446083,177
2023-01-02 23:00:00,3,0,1,1,14.50459725404465,76.2159729118342,12.902826236707247,186
2023-01-03 00:00:00,2,0,0,1,18.832340842047532,40.122746503302935,18.78244177158049,195
2023-01-03 01:00:00,2,0,1,1,13.644421585955966,68.40383085789983,5.429699647062663,199
2023-01-03 02:00:00,3,0,1,1,37.388513518533316,42.87003525181602,18.297256205568058,179
2023-01-03 03:00:00,2,0,1,1,16.787572338820883,61.95340753496671,10.980257926362595,207
2023-01-03 04:00:00,3,0,1,2,38.32557043479202,34.710031860900685,16.53672808353985,191
2023-01-03 05:00:00,4,0,1,3,28.141517621182665,24.137870949308464,13.761237908801453,186
2023-01-03 06:00:00,3,0,0,1,24.820667273353862,52.34365620774063,21.60207004891917,187
2023-01-03 07:00:00,4,0,0,3,23.6873314731752,57.52542107450328,10.62782175830041,190
2023-01-03 08:00:00,4,0,1,1,23.937972982162517,52.04640612770792,18.138031487809155,206
2023-01-03 09:00:00,1,0,1,1,0.7232742065439002,36.319388835548814,13.602462683517333,182
2023-01-03 10:00:00,3,0,1,1,17.211166058492434,52.00201875737726,14.20847260995168,193
2023-01-03 11:00:00,1,0,1,1,28.451579711843216,65.38589505161468,14.080730534203951,202
2023-01-03 12:00:00,3,0,1,2,19.511028165258946,59.10213939754926,10.771634477529435,206
2023-01-03 13:00:00,3,0,0,2,5.94810153196425,63.65002061198427,14.929505170466642,201
2023-01-03 14:00:00,1,0,1,1,19.475955494225307,46.59769599091534,14.686758889390893,190
2023-01-03 15:00:00,1,0,0,1,37.04105516255491,83.4343582943232,16.206201242033647,204
2023-01-03 16:00:00,3,0,1,1,32.46891715534719,36.47653326890439,15.422525728464313,188
2023-01-03 17:00:00,2,0,1,1,19.379959906339682,69.75120594173437,18.98997274806118,199
2023-01-03 18:00:00,4,0,1,1,29.514492770580866,83.63782185919924,19.617543080236842,223
2023-01-03 19:00:00,1,0,0,1,16.334929796319482,69.61816185497791,9.746883390860994,195
2023-01-03 20:00:00,4,0,1,2,2.961284131732811,55.9495154587034,19.343862502953854,216
2023-01-03 21:00:00,2,0,1,3,10.755340118704456,49.434059066740424,9.068317864450728,205
2023-01-03 22:00:00,2,0,1,1,35.62888768508198,80.72175302092512,17.939279440688676,215
2023-01-03 23:00:00,2,0,0,3,17.260069181706957,31.540501494766538,18.098693923514343,218
2023-01-04 00:00:00,1,0,1,1,17.56616020624982,40.597514792407125,5.44341554168748,196
2023-01-04 01:00:00,2,0,1,1,17.001618037251195,52.04884469016557,15.464896232647048,207
2023-01-04 02:00:00,1,0,0,1,39.04136589573007,84.75307515023997,12.657519433198422,219
2023-01-04 03:00:00,2,0,0,2,36.25958915362063,67.59535272081791,11.206173710323124,193
2023-01-04 04:00:00,4,0,0,3,42.18780233448134,40.639084829795095,21.75426165349503,197
2023-01-04 05:00:00,4,0,1,2,18.409547895999488,53.793845892301924,11.731604296812906,196
2023-01-04 06:00:00,3,0,1,1,22.95624488747095,47.713537118074115,10.96811535440975,197
2023-01-04 07:00:00,4,0,1,2,4.833574505792089,45.8042201553293,15.378474700025468,204
2023-01-04 08:00:00,3,0,0,1,34.769344261182745,79.57779117113559,18.427948731492084,179
2023-01-04 09:00:00,4,1,1,2,8.32220448732065,32.56513741472989,14.291757069949366,193
2023-01-04 10:00:00,1,0,1,1,22.167755637626293,92.17561711468747,20.83185272834626,218
2023-01-04 11:00:00,4,0,1,1,9.02697472367156,76.56459380369246,17.654878309820454,174
2023-01-04 12:00:00,3,0,1,1,14.111331732613039,81.81723341207396,4.108943401342849,187
2023-01-04 13:00:00,3,0,0,2,11.627375689502998,50.741209759494836,12.352665182464959,202
2023-01-04 14:00:00,2,0,1,1,13.92124739324182,57.001185618417814,12.190789503241506,181
2023-01-04 15:00:00,1,0,1,2,14.608772968510214,31.336963709505756,17.39680476714711,202
2023-01-04 16:00:00,4,0,1,1,14.51731205074923,49.50675185866394,1.8759147181294389,196
2023-01-04 17:00:00,2,0,1,2,28.33333911780307,69.87309695286302,27.745048543588613,204
2023-01-04 18:00:00,4,0,1,2,8.951372069374798,85.92126123562792,17.65513047447105,204
2023-01-04 19:00:00,4,0,1,2,22.205414270138668,37.85686366395097,15.744384019588455,191
2023-01-04 20:00:00,2,0,0,1,32.179591523055585,52.68988126029468,20.90783858209573,213
2023-01-04 21:00:00,2,0,0,1,14.86803635486604,56.974015595349556,26.718270264063126,195
2023-01-04 22:00:00,2,0,1,1,12.820811092523982,32.084215956150295,19.353733222942015,202
2023-01-04 23:00:00,2,0,1,2,17.694753748197492,71.826984835168,19.7440654823581,194
2023-01-05 00:00:00,2,0,0,1,31.797252083607102,45.52019336514782,15.653450122321912,203
2023-01-05 01:00:00,4,0,0,1,21.941076309533578,56.09219297645952,14.292371233165259,206
2023-01-05 02:00:00,2,0,0,1,14.687857053924017,50.961012561762445,12.621022779975494,176
2023-01-05 03:00:00,1,0,1,1,24.838766511880397,44.213229885606516,10.86944004142729,188
2023-01-05 04:00:00,3,0,0,2,8.977078501635766,59.85910029038891,11.564929501502514,216
2023-01-05 05:00:00,2,0,1,1,26.81359510442948,55.68780842863955,8.247220178285083,213
2023-01-05 06:00:00,2,0,0,2,24.086073077017673,52.56284235442669,14.620642746574884,196
2023-01-05 07:00:00,4,0,1,1,16.92191528861116,45.43076756639314,6.576662113868066,186
2023-01-05 08:00:00,2,0,0,1,11.614142015527689,66.39049341565911,15.954582620718554,184
2023-01-05 09:00:00,2,0,1,1,11.133190777165426,93.07234536984569,14.818346959788292,212
2023-01-05 10:00:00,2,0,0,1,25.348173363459104,62.79774465678255,15.734676491933438,215
2023-01-05 11:00:00,4,0,1,1,32.28980502489062,79.92236429822258,12.389342149900038,230
2023-01-05 12:00:00,2,0,0,2,13.62692252971205,32.19556149693075,30.384301850902517,207
2023-01-05 13:00:00,3,0,1,1,24.583867035514846,63.15522878587539,21.800579500901563,205
2023-01-05 14:00:00,4,0,1,2,-0.8702701860206874,38.05263362057867,8.777287499576387,186
2023-01-05 15:00:00,3,0,1,1,14.153822693428005,30.461501449361972,16.16434043713449,201
2023-01-05 16:00:00,4,0,1,1,19.68941067129098,45.21257185081927,11.959969285313383,210
2023-01-05 17:00:00,2,0,1,2,10.903165830181663,83.83798668827146,9.92760136646293,180
2023-01-05 18:00:00,3,0,1,1,10.634936252104042,79.00031657339291,8.299639644380326,200
2023-01-05 19:00:00,4,0,1,1,13.32220443531114,64.860094441088,17.16108345379627,224
2023-01-05 20:00:00,1,0,1,1,22.92192728326373,29.345988802201383,11.593098824652131,215
2023-01-05 21:00:00,2,0,1,1,18.126709815936252,56.074386972241264,19.839130120126022,194
2023-01-05 22:00:00,4,0,1,2,-2.382312333249721,66.03400017803472,19.968911072652194,183
2023-01-05 23:00:00,1,0,1,1,-1.2070015263506617,63.51072459157196,21.869571926057247,203
2023-01-06 00:00:00,4,0,1,2,13.931348221428248,23.124128330385084,10.738066169629482,224
2023-01-06 01:00:00,1,0,0,2,24.57686586053552,42.19364303960256,17.376828053460052,207
2023-01-06 02:00:00,2,0,1,1,-7.4750484272523465,58.71844471702567,18.162271083211504,201
2023-01-06 03:00:00,3,0,1,3,15.002698238483694,70.7258181903438,12.629109124480175,197
2023-01-06 04:00:00,1,0,0,1,14.737521434825789,16.077443578001073,11.141140213035625,201
2023-01-06 05:00:00,4,0,1,3,33.88337778208448,56.75752049040283,23.047603328879866,186
2023-01-06 06:00:00,2,0,0,1,16.149781882871363,62.86097539757905,16.13747937866027,187
2023-01-06 07:00:00,1,0,1,2,23.829889847409284,76.99223977032426,18.17983875355869,207
2023-01-06 08:00:00,4,0,0,1,21.412571400874633,73.85715168474873,10.889619940860364,203
2023-01-06 09:00:00,4,0,1,1,-1.305664798072006,71.6514263761761,8.903577667389031,192
2023-01-06 10:00:00,4,0,1,2,27.682072166317372,44.001189865961315,12.152751127539448,186
2023-01-06 11:00:00,1,0,1,2,22.153965054562878,21.839957257533847,14.379893063050014,193
2023-01-06 12:00:00,1,0,1,1,25.082686396745896,52.13894485877198,9.678899965913256,192
2023-01-06 13:00:00,1,0,1,1,59.262377064363264,80.03263650417121,14.950775956748085,222
2023-01-06 14:00:00,3,0,1,2,-0.8411293949858845,87.86909055048864,6.557474059657499,189
2023-01-06 15:00:00,1,0,0,2,37.24696649761108,74.2109820459557,9.399762887650638,192
2023-01-06 16:00:00,1,0,1,3,17.125524805996445,68.58681645603468,18.354556241384376,218
2023-01-06 17:00:00,1,0,0,2,22.87328904403009,67.5927929677193,18.018952601389472,184
2023-01-06 18:00:00,3,0,1,3,19.54487754698758,48.87762506478439,13.040616173065668,200
2023-01-06 19:00:00,1,0,1,2,15.757636666019565,57.3987941289276,9.911178454615236,220
2023-01-06 20:00:00,4,0,1,1,14.301670717612415,93.38139051652664,9.862982242369945,222
2023-01-06 21:00:00,1,0,1,1,23.29508735573009,41.14883988416247,13.13365877029343,199
2023-01-06 22:00:00,4,0,1,2,4.828263033283209,92.29557581419702,18.22259245822646,207
2023-01-06 23:00:00,4,0,1,2,27.505791675217655,53.55943691015883,19.641228456721624,193
2023-01-07 00:00:00,4,0,0,1,15.83805595114746,86.50864218190156,12.517341322590156,170
2023-01-07 01:00:00,3,0,1,1,8.699306609596423,31.863699810049233,9.232537870076081,198
2023-01-07 02:00:00,3,0,0,3,15.499871420041863,71.71808402329299,16.339218189331667,197
2023-01-07 03:00:00,3,0,1,1,32.57149216862573,45.26459728104756,10.882325146870752,184
2023-01-07 04:00:00,1,0,1,1,14.646649129837767,31.69465616151625,12.408736805693987,201
2023-01-07 05:00:00,4,0,1,1,23.584536182096205,64.37068084821891,21.626380452185188,192
2023-01-07 06:00:00,3,0,0,1,12.690437242845267,80.18943577191938,19.13557714282884,174
2023-01-07 07:00:00,3,0,1,1,27.579218499236195,43.10117122813007,15.789871561257259,174
2023-01-07 08:00:00,1,0,0,1,26.855077387902043,30.019680790831977,8.640404994436386,211
2023-01-07 09:00:00,3,0,1,1,38.486088332964115,58.163104713300896,16.056982837353296,209
2023-01-07 10:00:00,1,0,0,2,18.244360545007844,58.25129342445638,20.313286453937632,199
2023-01-07 11:00:00,2,0,1,1,26.686548047579066,70.96639255108998,13.121831671172322,212
2023-01-07 12:00:00,3,0,1,2,20.980675395389447,78.99189142728976,21.755570449933575,194
2023-01-07 13:00:00,2,0,1,2,32.95871781863014,58.81169637455012,21.463726447591036,206
2023-01-07 14:00:00,1,0,1,1,12.811676123912697,97.11006629588526,23.31866416071737,218
2023-01-07 15:00:00,4,0,1,2,27.45005312877281,64.48469489070584,16.526215632656765,212
2023-01-07 16:00:00,3,0,1,1,18.053027038833182,53.07146987986201,17.936958499030062,220
2023-01-07 17:00:00,1,1,1,2,19.35811822891502,27.76865281794344,22.07093644165545,201
2023-01-07 18:00:00,4,0,1,1,20.91752484448373,54.746809593676645,17.236969685344878,174
2023-01-07 19:00:00,4,0,1,2,22.522403964266775,53.272261091777274,12.493829461048936,228
2023-01-07 20:00:00,2,0,1,2,18.837709568780422,79.20609592562941,12.757285817360694,205
2023-01-07 21:00:00,1,0,1,1,22.14713183170526,69.24967248133709,16.192774768868695,178
2023-01-07 22:00:00,4,0,0,1,35.781180575621846,36.41261756734765,8.547192890268906,211
2023-01-07 23:00:00,3,0,1,2,29.854496856152185,63.44508772822075,14.283705423179036,192
2023-01-08 00:00:00,3,0,0,2,28.691545924968967,73.43062343458107,20.48273559115127,174
2023-01-08 01:00:00,2,0,1,1,15.444604739761292,90.56062718775665,4.043730744173595,189
2023-01-08 02:00:00,4,0,1,2,11.107591717716755,77.75007934828119,22.672410508972575,228
2023-01-08 03:00:00,1,0,1,1,29.55300558237753,75.21693308622956,20.6118710935158,196
2023-01-08 04:00:00,3,0,1,2,28.76046792529794,61.201719892303274,12.701176920847619,193
2023-01-08 05:00:00,4,0,1,1,34.72670675750982,67.76624010846899,17.716954139359046,206
2023-01-08 06:00:00,4,0,1,2,13.960193740307705,84.99009801412318,15.015738634531633,168
2023-01-08 07:00:00,2,1,1,1,17.70451344639653,33.34445205040701,21.149951842193417,202
2023-01-08 08:00:00,3,0,0,1,3.6051583747456584,53.01121345566088,19.913415713849705,201
2023-01-08 09:00:00,3,0,1,1,16.07528893939127,44.54862502487518,7.999646384084954,188
2023-01-08 10:00:00,1,1,0,1,29.965705105794473,67.58306237452248,17.936312067320884,188
2023-01-08 11:00:00,3,0,1,1,15.33504620771802,84.60444351301575,13.971860731783762,197
2023-01-08 12:00:00,1,0,1,1,26.404797952008238,48.06051426557852,15.414162852590499,202
2023-01-08 13:00:00,3,0,1,2,18.094968940021886,12.19391265061124,11.359140495150923,222
2023-01-08 14:00:00,2,0,1,1,23.240570282215607,51.7555850995106,23.740685345604177,178
2023-01-08 15:00:00,3,0,1,1,8.523086101843326,78.26947464034814,20.20030909951288,227
2023-01-08 16:00:00,1,0,0,1,20.85209449633901,70.75259805899759,11.301144180135164,201
2023-01-08 17:00:00,1,0,1,1,-9.911359709007233,68.56372495621152,8.326946965448837,177
2023-01-08 18:00:00,2,0,1,1,18.13103841838015,54.4001339625104,13.07163684511076,223
2023-01-08 19:00:00,3,0,1,1,3.6952675628485987,34.41938527560427,17.172513230456527,207
2023-01-08 20:00:00,3,0,1,1,32.05994516546816,70.30588643248934,16.201029219731115,204
2023-01-08 21:00:00,2,0,1,1,27.77407352764511,43.31436379930751,21.265664123841216,210
2023-01-08 22:00:00,3,0,0,1,24.66670981966081,103.68193466760913,18.94959861090426,198
2023-01-08 23:00:00,3,0,1,1,35.2100622715938,71.41014416709032,19.847845128764533,185
2023-01-09 00:00:00,1,0,1,1,10.510834791751627,48.38703394892099,16.634277003052187,192
2023-01-09 01:00:00,3,0,0,1,37.473631979155584,47.77229505222744,8.053506348945048,184
2023-01-09 02:00:00,3,0,1,3,29.321915642603848,58.14111586772823,14.021507344265492,181
2023-01-09 03:00:00,2,0,0,1,17.63444712781054,55.209961559565,20.300448699543328,189
2023-01-09 04:00:00,2,0,0,2,31.35620147182944,82.33667551059908,14.74238535737677,190
2023-01-09 05:00:00,4,0,0,1,8.937064875883658,63.728323394880924,17.515451843118733,220
2023-01-09 06:00:00,1,0,1,2,11.754858384723265,45.36736522182944,13.406258423769334,205
2023-01-09 07:00:00,3,0,1,2,13.914102767602996,97.80881370311565,9.850940757290775,195
2023-01-09 08:00:00,3,0,1,1,14.710222919359847,60.986166630404455,14.383279679769448,207
2023-01-09 09:00:00,4,0,1,3,9.434423572397472,75.37679351937794,16.54523721516327,191
2023-01-09 10:00:00,3,0,1,1,32.23083067095325,47.83546985110482,11.721561402692782,179
2023-01-09 11:00:00,1,0,1,1,17.411455996301683,67.26231255489047,13.821443775716657,200
2023-01-09 12:00:00,4,0,1,2,23.525049683568795,66.2221998228639,10.302683790070088,189
2023-01-09 13:00:00,1,1,0,2,14.296486335863195,22.207014158076937,20.59622458782048,193
2023-01-09 14:00:00,4,0,1,1,1.7939669945148284,100.3055022092128,13.52772121205983,193
2023-01-09 15:00:00,4,0,0,1,22.70057358391422,85.81288921845095,22.263777725630916,221
2023-01-09 16:00:00,2,0,1,1,0.8774502458022315,52.05609367708025,22.643739252704542,198
2023-01-09 17:00:00,1,0,1,1,19.313659539145313,37.95460519088289,14.59477017639128,219
2023-01-09 18:00:00,3,0,0,2,6.316849611671895,66.95123227607104,9.957756337263252,230
2023-01-09 19:00:00,3,0,0,1,39.87275999230808,61.73395398828793,4.570510611333313,193
2023-01-09 20:00:00,1,0,1,1,29.113627221747215,67.11337897126458,7.639814634866042,202
2023-01-09 21:00:00,3,0,1,1,21.057537912714803,63.83154792388179,8.1308258755067,197
2023-01-09 22:00:00,3,0,0,1,32.63706677654669,70.12481978611852,21.892348137307522,210
2023-01-09 23:00:00,1,0,1,1,11.536840225342642,88.94611398783613,15.57912293613473,228
2023-01-10 00:00:00,4,0,0,2,25.43479378670093,71.36206410257292,16.948022620459938,188
2023-01-10 01:00:00,1,1,1,3,21.998104337187137,39.006890021801176,3.8978949553243702,162
2023-01-10 02:00:00,4,0,1,2,22.6402008133367,87.25125705424904,9.010167853913693,180
2023-01-10 03:00:00,3,0,0,1,32.72353500106768,92.81229126976574,19.435398882231436,209
2023-01-10 04:00:00,3,0,0,2,27.324921027798023,123.0411346902417,16.433870561912933,189
2023-01-10 05:00:00,3,0,0,2,22.887236628250232,37.53011933520804,14.263973606572014,188
2023-01-10 06:00:00,2,0,1,2,3.4511256377170385,64.85764026300551,17.824211793000615,179
2023-01-10 07:00:00,4,0,0,1,10.399537047205364,18.358025936220244,23.178989030679077,188
2023-01-10 08:00:00,2,0,1,1,18.772910664042758,71.06298312758419,13.894787682314748,222
2023-01-10 09:00:00,2,0,0,1,20.933723742766514,49.03599403666455,15.346849013290347,194
2023-01-10 10:00:00,1,0,1,1,8.69796275326076,98.46891589649907,15.962984593656525,196
2023-01-10 11:00:00,2,0,1,1,44.11676675578421,44.507700599628365,26.96054817636996,198
2023-01-10 12:00:00,1,0,1,1,35.16394055253573,26.21633924065477,4.503218677904872,230
2023-01-10 13:00:00,1,0,1,1,26.021183203924835,50.57472518594961,18.41611507394404,202
2023-01-10 14:00:00,2,0,1,2,20.72036861283745,20.49024457565725,14.425988756204681,186
2023-01-10 15:00:00,4,0,1,1,17.87791030098848,75.0219890901462,17.833858630920897,187
2023-01-10 16:00:00,4,0,1,1,10.480815399777644,18.698339074873587,11.713137230026378,184
2023-01-10 17:00:00,4,0,1,3,20.774805185188626,60.569151623663174,14.75517484570775,204
2023-01-10 18:00:00,4,0,0,3,22.577525401427508,18.443763602876064,18.557052897327477,195
2023-01-10 19:00:00,4,0,1,2,7.582394245183757,53.594043909267164,30.564551005219208,203
2023-01-10 20:00:00,2,0,1,3,23.341764172448976,92.86756311609068,19.040180947010356,173
2023-01-10 21:00:00,2,0,0,1,18.44740951175251,67.2129578287159,10.759672009847456,215
2023-01-10 22:00:00,3,0,1,3,0.9219244212260902,42.73012790070132,12.881201589886485,215
2023-01-10 23:00:00,4,0,1,1,11.396149892204981,59.37593022121832,12.732929458080731,180
2023-01-11 00:00:00,2,0,1,1,15.863944665783558,60.360337440888934,6.0217841368499245,192
2023-01-11 01:00:00,3,0,1,1,38.8768765734019,69.4526069168681,13.349549041492814,213
2023-01-11 02:00:00,4,0,1,1,25.56553124533758,32.66283273438347,18.664145409108723,200
2023-01-11 03:00:00,1,0,0,1,6.645184309001091,71.85134547694662,8.628839404616024,196
2023-01-11 04:00:00,3,0,1,2,24.86036289417637,5.912167367944496,20.242413255252963,182
2023-01-11 05:00:00,2,0,1,2,4.526960110616345,47.40230895272379,17.43887410542169,170
2023-01-11 06:00:00,1,0,0,1,30.826910538870735,50.23452315096911,11.32883339014481,186
2023-01-11 07:00:00,1,0,0,1,15.288753481821214,72.66653652142477,14.292351813310763,194
2023-01-11 08:00:00,1,0,1,2,19.06363811260829,60.45261705353738,22.991609038205166,216
2023-01-11 09:00:00,3,0,0,2,33.2579664754219,31.888738922874268,18.66773906752933,201
2023-01-11 10:00:00,2,0,1,1,7.1283643141575,40.3001374836597,15.04391827449074,206
2023-01-11 11:00:00,1,0,0,2,6.028818148870087,63.97360019094814,13.811583415195079,206
2023-01-11 12:00:00,4,0,0,1,14.164006736539951,58.41865316270887,15.383045352258298,169
2023-01-11 13:00:00,1,0,0,1,30.383788510193167,48.417517807285066,12.441182210288483,202
2023-01-11 14:00:00,1,0,1,3,4.806539245231574,50.38332420976041,4.476252471404926,179
2023-01-11 15:00:00,3,0,1,1,-8.321555981105696,73.92335994318579,25.210889552673656,187
2023-01-11 16:00:00,3,0,1,1,15.488411415910011,49.646148542615705,15.776624995997008,192
2023-01-11 17:00:00,2,0,1,2,25.517407999109203,58.238175119418536,16.990736325612687,183
2023-01-11 18:00:00,4,0,0,2,32.00261749738829,103.39873176161086,14.710461250615456,214
2023-01-11 19:00:00,3,0,1,1,15.36838637914601,31.52634726232154,11.32441599637706,200
2023-01-11 20:00:00,1,0,1,1,15.885733928839976,22.96314536850683,14.070377595256147,209
2023-01-11 21:00:00,2,0,1,1,31.539007342557476,75.67179329597214,7.003026189028444,189
2023-01-11 22:00:00,1,0,0,2,1.302583003045794,46.42713877411793,26.385432490266524,203
2023-01-11 23:00:00,1,0,1,1,16.11479224816991,53.63524944514759,8.82744000788802,190
2023-01-12 00:00:00,3,0,0,1,21.904238899250576,44.37687243737771,9.840168580764102,182
2023-01-12 01:00:00,2,0,1,3,24.492187212850343,54.80399718464975,12.798703978067998,196
2023-01-12 02:00:00,4,0,1,1,14.901933068091175,91.97076224192682,21.44037862426189,219
2023-01-12 03:00:00,4,0,1,1,20.344410117058413,76.04256917236239,15.07254499631327,201
2023-01-12 04:00:00,3,0,1,1,-4.883273534129895,77.24447023773955,8.819321019847688,208
2023-01-12 05:00:00,3,0,1,2,13.417515876661517,31.67545888414709,21.271691803786698,180
2023-01-12 06:00:00,2,0,1,1,24.535087125544674,36.976925268942615,18.65500313392741,206
2023-01-12 07:00:00,4,0,1,1,10.177059657453205,3.2184268102914615,17.692174786082262,185
2023-01-12 08:00:00,4,0,1,2,20.589842215895974,43.81238357834492,18.578671205854203,229
2023-01-12 09:00:00,4,0,1,1,24.468725008026976,79.13406372771317,26.971809502912254,217
2023-01-12 10:00:00,1,0,1,1,16.57450799142235,70.33893031496741,25.92547447518056,212
2023-01-12 11:00:00,4,0,1,1,21.70463770996571,55.56973474095752,11.566423284983523,215
2023-01-12 12:00:00,1,0,1,1,10.372674347153877,59.55399432563894,23.11942496405576,204
2023-01-12 13:00:00,2,0,1,1,17.933887203039532,46.22228914849188,16.9158409487945,190
2023-01-12 14:00:00,1,0,0,1,26.102161695892224,64.09517764803569,17.495479080688746,200
2023-01-12 15:00:00,2,0,1,1,21.56972960968434,75.3175655896123,6.538645841783357,194
2023-01-12 16:00:00,4,0,0,1,14.134687304360645,27.682264251790546,14.14807117305902,194
2023-01-12 17:00:00,4,0,1,2,22.24216404290793,65.99295375674696,10.935882048317175,222
2023-01-12 18:00:00,2,0,1,3,27.14609790636618,78.64869741909334,19.140294074466546,195
2023-01-12 19:00:00,3,0,1,2,-0.4994127857747799,51.69799422073261,20.355402502014027,205
2023-01-12 20:00:00,2,0,1,2,31.590740649558978,74.01401224241167,4.627568244918443,227
2023-01-12 21:00:00,3,0,1,1,16.63745261318928,116.29308888945106,14.889825679978648,232
2023-01-12 22:00:00,1,0,1,3,24.254899332402303,57.91314414026216,20.60930752397126,204
2023-01-12 23:00:00,1,0,1,1,31.97246923645228,67.86614100010648,14.066605188432774,221
2023-01-13 00:00:00,1,0,0,3,6.283263027695341,45.23885832677217,18.64531822501182,207
2023-01-13 01:00:00,4,0,1,3,12.905589975724535,63.62502325204101,16.755827338135422,183
2023-01-13 02:00:00,1,0,0,2,17.11451304124295,69.20543249964608,16.70830115976313,219
2023-01-13 03:00:00,3,0,1,3,12.162464788755717,63.89684680540276,13.643425109658512,181
2023-01-13 04:00:00,1,0,1,1,37.34936575836809,39.60609360582286,8.917095979321452,204
2023-01-13 05:00:00,2,0,1,1,11.432279061732073,64.12723542650902,9.392349262874863,190
2023-01-13 06:00:00,2,0,0,1,14.444532205131335,89.24391877435274,18.546762572276585,197
2023-01-13 07:00:00,4,0,0,1,22.043890316029767,68.97271529029055,15.097291277594415,184
2023-01-13 08:00:00,2,0,1,1,7.978504739239112,79.23974378143681,14.307438776963876,201
2023-01-13 09:00:00,3,0,0,2,16.04319288243736,55.259760599747445,12.880549788388237,225
2023-01-13 10:00:00,1,0,0,3,23.17453261250175,74.9980047884742,13.474055772596241,210
2023-01-13 11:00:00,4,0,0,1,16.67139595617489,65.58535676433051,20.2345589724407,186
2023-01-13 12:00:00,1,0,1,2,19.066131411000516,40.98178540625536,13.323779590659866,208
2023-01-13 13:00:00,1,0,1,3,14.706678875516289,66.3704200959775,8.294676433492157,197
2023-01-13 14:00:00,3,0,1,3,4.85529690819233,40.16606673119379,18.718258877700865,213
2023-01-13 15:00:00,2,0,0,3,23.215932113392384,47.34239450230416,13.975616680676413,213
2023-01-13 16:00:00,2,0,1,1,37.54933071647242,63.78656614584748,15.156979327663882,206
2023-01-13 17:00:00,1,0,1,3,20.18401630783438,65.94488546760248,23.037891531997552,190
2023-01-13 18:00:00,4,0,1,2,22.252641172475496,36.21535069845742,14.897197213247464,180
2023-01-13 19:00:00,2,0,0,1,26.927227551168595,81.07971542365752,16.445918365593627,187
2023-01-13 20:00:00,4,0,0,1,7.306695034533009,71.44012556600946,9.105382543508373,223
2023-01-13 21:00:00,2,0,0,2,37.025146581296056,45.90543128778232,13.901652738245199,209
2023-01-13 22:00:00,4,1,1,1,22.02328796422802,29.24830407101649,18.047630226043005,178
2023-01-13 23:00:00,3,0,1,2,36.31856899089109,57.10190841837137,7.223131330793788,203
2023-01-14 00:00:00,4,0,0,2,12.669670044760107,51.0811257227768,16.004225465578546,211
2023-01-14 01:00:00,3,0,0,1,38.18061922557825,62.26280914106046,15.503955363224032,208
2023-01-14 02:00:00,3,0,0,1,27.75155494034783,52.73766677688867,15.206437277937196,216
2023-01-14 03:00:00,4,0,1,2,25.530400858523585,19.850862785099803,20.185794493291215,206
2023-01-14 04:00:00,3,0,0,1,22.34024454353148,52.233061233976834,16.672192574242608,207
2023-01-14 05:00:00,1,0,1,1,17.514713819255505,53.88761777863375,22.39035949178222,199
2023-01-14 06:00:00,3,0,1,1,32.00531658473872,72.67322049548117,10.03205242202982,198
2023-01-14 07:00:00,2,0,1,1,21.40359869848047,46.03600650777901,15.67962283609174,200
2023-01-14 08:00:00,4,0,0,3,0.3293029641284728,93.57349346745133,15.422333931949737,214
2023-01-14 09:00:00,1,0,0,1,8.828135382929974,21.767188986964857,9.653727531224602,188
2023-01-14 10:00:00,4,0,1,2,18.14154247807253,86.22334995605249,19.78147501045673,215
2023-01-14 11:00:00,2,0,1,1,23.09998983165555,55.5136205824379,26.62336652926409,201
2023-01-14 12:00:00,2,0,1,1,19.43411511100104,77.19169744687112,14.914969627580845,194
2023-01-14 13:00:00,2,0,1,2,32.189707897936636,61.59602968117466,17.525105441368833,189
2023-01-14 14:00:00,3,0,0,2,0.48898135961375155,82.79111072050938,15.422592379076637,213
2023-01-14 15:00:00,3,0,1,1,21.4358793650516,52.252760708943775,11.432076650464122,190
2023-01-14 16:00:00,4,0,1,1,1.8202077461284527,38.027591496443755,5.896198610989919,194
2023-01-14 17:00:00,4,0,0,1,27.597122954841684,88.41008574542127,11.471132584523174,198
2023-01-14 18:00:00,1,0,1,1,19.055412855579974,57.73038708235717,8.040208095241343,209
2023-01-14 19:00:00,1,0,1,2,24.196099720241182,64.43116947248421,23.520510390295588,218
2023-01-14 20:00:00,4,0,1,1,11.36117039410234,84.6950382808959,14.424451530383804,181
2023-01-14 21:00:00,3,0,1,1,32.79464931657751,39.360895158111305,13.270403354764147,214
2023-01-14 22:00:00,2,0,1,1,30.417246640588512,71.90981795278515,19.44576912393903,193
2023-01-14 23:00:00,4,0,1,3,25.835443030118878,48.20210487074218,9.391244485720561,199
2023-01-15 00:00:00,1,0,0,3,18.70482753136559,57.35661288711256,11.165679809977238,205
2023-01-15 01:00:00,3,0,1,1,25.79857285295132,61.445579307685776,15.340361346243105,231
2023-01-15 02:00:00,4,0,1,2,12.93107432012651,29.99556277106128,20.143844957117402,240
2023-01-15 03:00:00,4,0,0,1,28.55555659020712,44.4232591435913,17.50842522584394,199
2023-01-15 04:00:00,3,0,1,1,36.49480894323921,87.02145784826278,16.24162571257941,198
2023-01-15 05:00:00,4,0,1,2,30.70610559979186,77.72382377169592,15.390588676180082,197
2023-01-15 06:00:00,3,0,1,3,12.703975301925905,58.7472084534553,17.001179277633877,210
2023-01-15 07:00:00,2,1,1,3,23.61417317273103,64.86246917025787,16.008264525646272,216
2023-01-15 08:00:00,3,0,1,1,7.068584562413522,54.115149887270846,9.85013862611532,204
2023-01-15 09:00:00,3,0,0,1,25.72390311175676,87.13166771655965,15.230396108165756,195
2023-01-15 10:00:00,3,0,0,2,24.506034128625387,55.99294844411672,9.631556705411237,192
2023-01-15 11:00:00,4,1,0,1,1.3018366046783592,64.63684184269697,15.405412714504118,187
2023-01-15 12:00:00,4,0,1,1,8.382161560876362,82.92060288284131,12.596760292558793,208
2023-01-15 13:00:00,3,0,1,1,17.16861103256233,44.45257030308187,27.696908113914308,232
2023-01-15 14:00:00,4,0,0,2,16.99140252859174,91.17578368993787,14.80052808124144,218
2023-01-15 15:00:00,1,0,1,1,7.9052306458119475,29.390771805132463,7.978802168692056,203
2023-01-15 16:00:00,1,0,1,1,23.88978729352184,92.59284262225597,14.329098946615376,201
2023-01-15 17:00:00,4,0,1,3,22.514736089405122,52.546488320960506,17.59679372818944,176
2023-01-15 18:00:00,4,0,1,1,18.057308680214806,55.14602504349436,23.366819730762618,198
2023-01-15 19:00:00,3,0,0,1,12.442084998416371,22.199796576341143,12.052738000306407,195
2023-01-15 20:00:00,2,0,1,1,30.487071264165635,50.90410565244614,7.0878601298818005,214
2023-01-15 21:00:00,4,0,1,1,36.55407113088295,39.20386937946232,19.084185057154905,186
2023-01-15 22:00:00,1,0,1,1,15.164385161534629,47.84707309253055,8.097006470501745,210
2023-01-15 23:00:00,3,0,1,1,13.878330828451793,57.253780684222406,12.819222792462575,200
2023-01-16 00:00:00,4,0,1,2,24.912076654119964,79.15583228945812,13.71189757244503,196
2023-01-16 01:00:00,1,0,1,1,16.419706202530136,64.15206702801251,14.65183273349946,210
2023-01-16 02:00:00,1,0,0,3,18.606027993367658,66.15353306802227,18.445822285371676,185
2023-01-16 03:00:00,2,0,1,1,27.396531517246714,38.08961222308875,11.581828588568062,191
2023-01-16 04:00:00,3,0,1,1,0.906439124927072,42.3849182079454,13.631353739166197,180
2023-01-16 05:00:00,3,0,1,1,33.183023248526695,95.97450036702622,14.928648235253057,191
2023-01-16 06:00:00,2,0,0,1,20.726805243293413,45.29597930473507,15.74798978759394,218
2023-01-16 07:00:00,2,0,0,2,15.885068554378197,93.12416504114591,15.489135873539613,212
2023-01-16 08:00:00,3,0,0,1,19.10765845778551,55.13877602238267,17.1800288761129,208
2023-01-16 09:00:00,3,0,1,1,19.624293550205188,60.04575872287008,19.219197548208687,196
2023-01-16 10:00:00,4,0,1,2,2.687986965550746,81.40730320459859,16.96317057825484,202
2023-01-16 11:00:00,4,0,0,3,34.94938227453236,85.43784843877313,17.267927617546093,181
2023-01-16 12:00:00,2,0,1,2,20.413256322706186,57.78374879441825,7.088884166267611,206
2023-01-16 13:00:00,4,0,1,1,24.43002130447375,52.23513892956923,15.251138495828402,232
2023-01-16 14:00:00,1,0,1,2,29.515497705740433,58.881591029555736,17.397537740008044,192
2023-01-16 15:00:00,4,0,1,1,9.788375424396992,66.75915056464237,18.64470597285225,192
2023-01-16 16:00:00,4,0,1,1,24.734718990352285,77.8260737373951,11.538246128831029,201
2023-01-16 17:00:00,1,0,1,1,17.323589091012064,60.08459717988303,11.704803625556774,179
2023-01-16 18:00:00,2,0,0,1,28.467707752164937,72.37772596046307,12.129496623582009,213
2023-01-16 19:00:00,1,0,1,1,-1.2722742035149537,92.76719464541881,17.682069499456716,209
2023-01-16 20:00:00,4,0,1,1,19.00905699758731,67.6261922452957,20.16940527462104,196
2023-01-16 21:00:00,2,0,1,2,13.971793442160385,66.23305712009557,12.962699463541991,238
2023-01-16 22:00:00,4,0,1,1,24.322629506341556,29.621783498198646,19.539811568135246,197
2023-01-16 23:00:00,1,0,1,1,24.700441873682024,7.3853972634187315,15.617399045822971,195
2023-01-17 00:00:00,1,0,0,1,12.923741051779738,67.76751458460336,14.37857111418782,169
2023-01-17 01:00:00,4,0,1,3,12.878261358239563,58.10351537438255,13.943078850910155,197
2023-01-17 02:00:00,3,0,0,1,18.893346314426704,49.70434650170516,18.733056823010784,214
2023-01-17 03:00:00,3,0,0,1,11.033577726847918,64.87060408372689,16.62788908393535,199
2023-01-17 04:00:00,1,0,1,2,28.41983695452127,58.79192541606184,26.37912713823819,206
2023-01-17 05:00:00,1,0,1,2,16.30792799552554,82.55560501267797,10.73887678501338,188
2023-01-17 06:00:00,3,0,0,1,-9.069882193216415,61.72221736517956,17.590508510149878,164
2023-01-17 07:00:00,3,0,1,2,16.251779433781937,45.06153429859665,12.353994950942436,191
2023-01-17 08:00:00,4,0,1,2,9.614561791560277,79.80332477918579,10.653565065056782,189
2023-01-17 09:00:00,4,0,0,2,3.6872418453905453,55.657378501075954,14.94566431482514,201
2023-01-17 10:00:00,3,0,1,1,7.625733617774275,70.53073367344614,15.68676239703518,219
2023-01-17 11:00:00,4,0,1,2,21.0940847183297,50.451785876143994,29.590867775300463,193
2023-01-17 12:00:00,4,0,1,1,33.28640828248231,47.003462290051274,14.07927092158399,195
2023-01-17 13:00:00,2,0,0,1,23.1318447386498,61.683364603713926,9.349106352576584,207
2023-01-17 14:00:00,4,0,1,1,13.9349661178426,60.256572870873704,16.36505358747193,203
2023-01-17 15:00:00,1,0,1,1,24.55904195170703,69.59654070733666,4.626799812268159,186
2023-01-17 16:00:00,4,0,1,1,15.409096897810082,54.62708493380515,14.54021608697867,228
2023-01-17 17:00:00,4,0,0,2,13.053996308368554,23.27280432459205,15.080126411475803,207
2023-01-17 18:00:00,3,0,1,1,8.456373317670156,51.34452232823222,18.97300191472606,181
2023-01-17 19:00:00,1,0,0,1,2.4817119324828085,75.87636934287632,19.868111247139236,192
2023-01-17 20:00:00,4,0,1,1,16.100762934405548,54.05247841513787,12.48215190546141,185
2023-01-17 21:00:00,4,0,0,1,21.580534899201318,55.07233194970904,14.246929926850335,195
2023-01-17 22:00:00,2,0,1,3,19.033763299851103,79.72753011811874,11.169395846946646,202
2023-01-17 23:00:00,4,0,1,1,15.840330720526413,45.76053545482154,9.35968722596153,191
2023-01-18 00:00:00,4,0,1,1,10.54253939303219,29.143935635142007,16.549473896903173,218
2023-01-18 01:00:00,2,0,0,1,26.082461916849685,56.787377609490115,8.632072257017004,178
2023-01-18 02:00:00,3,0,1,1,6.82868080053415,50.31652097502526,12.926865497140684,194
2023-01-18 03:00:00,4,0,1,1,27.760279138434754,40.67507360493492,10.024130200503812,194
2023-01-18 04:00:00,2,0,1,2,9.977829810732752,56.492430882026184,17.748415931451298,204
2023-01-18 05:00:00,1,0,1,3,12.47564762646965,69.83011294493568,24.00715049633244,187
2023-01-18 06:00:00,3,0,1,1,5.33214809384323,59.81422876864369,8.492060085983345,213
2023-01-18 07:00:00,1,0,1,2,14.985978531143633,66.13962145372476,5.734907585512157,178
2023-01-18 08:00:00,1,0,1,2,29.75312458477979,96.26815397030846,14.375565573249663,209
2023-01-18 09:00:00,2,0,1,2,25.156280884439564,53.14242276884872,15.078488979788792,205
2023-01-18 10:00:00,4,0,1,1,29.78422112028035,65.56697269289339,16.09329653378649,209
2023-01-18 11:00:00,2,0,1,1,25.221425459339358,49.81573274801731,12.768397423828278,193
2023-01-18 12:00:00,2,0,1,1,8.963301714696307,43.072805602260544,13.99680350587284,187
2023-01-18 13:00:00,2,0,0,2,16.692107756724425,48.301846931644604,16.837552052703014,223
2023-01-18 14:00:00,2,0,1,2,12.198008708825373,50.42482856956622,20.202154463224193,196
2023-01-18 15:00:00,3,0,1,1,33.3057490403904,67.1895159509425,5.224756148408586,205
2023-01-18 16:00:00,4,0,1,1,8.032113535736885,106.98151573401515,13.15530280484269,176
2023-01-18 17:00:00,1,0,0,3,28.93697689389111,45.6791312744832,16.069043969705316,211
2023-01-18 18:00:00,1,0,1,2,28.929538701087694,51.66749388769075,10.41011947694632,215
2023-01-18 19:00:00,4,0,1,3,38.29620201716087,58.73753973777504,23.6558481588365,206
2023-01-18 20:00:00,1,0,1,2,15.903134073705026,67.91597697419493,11.822950598856314,205
2023-01-18 21:00:00,4,0,0,1,27.12322159580162,65.2710162390957,14.793536564963587,193
2023-01-18 22:00:00,1,0,1,1,42.816518365388426,85.68191587896234,17.780110484211455,174
2023-01-18 23:00:00,2,0,1,2,13.823583230663033,11.472158589295827,12.043576055990528,201
2023-01-19 00:00:00,1,1,1,1,4.649597524676404,12.261402596086546,5.767134760977914,200
2023-01-19 01:00:00,4,0,1,1,1.1998996609223633,50.08243655979702,12.856727365417333,196
2023-01-19 02:00:00,4,0,1,2,27.127120288613312,81.94600375087417,20.1472027796352,219
2023-01-19 03:00:00,4,0,1,1,1.168497919414162,28.687039367888076,13.315524366074307,204
2023-01-19 04:00:00,4,0,0,2,16.276809470620773,-0.15264679387514413,10.767828492705107,198
2023-01-19 05:00:00,4,0,1,1,24.373131870389606,71.42358812438417,19.628361047513607,175
2023-01-19 06:00:00,3,0,1,3,21.85175536829914,64.87314447405429,13.346125519884737,174
2023-01-19 07:00:00,3,0,0,1,24.254448641841723,38.1958318640114,12.449195931748914,212
2023-01-19 08:00:00,1,0,0,1,22.22289855800854,40.2892079855814,15.747280448316548,205
2023-01-19 09:00:00,4,0,1,2,32.788658133133936,40.60512560730651,18.853751048093937,213
2023-01-19 10:00:00,1,0,1,1,10.47683619261203,62.210706349478805,26.90856765866273,209
2023-01-19 11:00:00,4,0,1,2,13.230048615414686,47.47369447633986,19.136180538287114,164
2023-01-19 12:00:00,4,0,1,2,12.27340554729176,69.88127837951039,20.79919983194172,185
2023-01-19 13:00:00,3,0,1,1,28.3019181186261,2.907466741912179,12.470169005060724,197
2023-01-19 14:00:00,3,0,1,1,29.003985883950637,42.86296269744401,9.870659470152619,199
2023-01-19 15:00:00,2,0,0,1,24.51225319318508,37.47892078177899,15.311656748095615,196
2023-01-19 16:00:00,3,0,1,1,31.834936668899278,54.873186432550156,15.53584957629798,218
2023-01-19 17:00:00,2,0,1,3,8.219591326236193,49.23904483019723,9.607436293177013,217
2023-01-19 18:00:00,2,0,0,2,36.67224111551137,75.95687559791533,14.123527350479936,182
2023-01-19 19:00:00,2,0,0,2,35.23238621712258,22.81326456679885,16.996588008595655,187
2023-01-19 20:00:00,2,0,1,2,27.356219972457467,60.90982952661504,16.8019669750904,173
2023-01-19 21:00:00,2,0,1,1,37.8179890877106,71.16672846423411,17.521439266921362,181
2023-01-19 22:00:00,1,0,1,3,3.4337679232222618,97.1329487312391,16.454823650687214,218
2023-01-19 23:00:00,3,0,1,2,14.75551863737348,50.364680578130496,12.46495670364972,211
2023-01-20 00:00:00,2,0,1,2,12.646965393180476,66.48917208705033,12.430496866755783,214
2023-01-20 01:00:00,4,0,1,2,27.21479323757343,23.922744148752702,9.00524301003062,213
2023-01-20 02:00:00,3,0,1,1,9.498592603978544,12.160875913739524,23.923875195925476,229
2023-01-20 03:00:00,3,0,1,2,27.574951493374854,76.895487515634,15.067251823096464,198
2023-01-20 04:00:00,2,0,0,1,33.705361439967135,59.88879412703859,13.87573472102574,215
2023-01-20 05:00:00,1,0,1,1,26.952029000839993,83.57025379596845,10.356039592737707,185
2023-01-20 06:00:00,2,0,1,1,22.83751023661501,32.53194222060502,29.67828951163889,214
2023-01-20 07:00:00,1,0,1,3,10.121266590992509,70.39804279057505,9.633359838885521,199
2023-01-20 08:00:00,4,0,1,2,11.531490338746353,97.37635681087707,12.855760371969634,215
2023-01-20 09:00:00,3,0,1,2,32.49618905296666,68.39411216714532,17.079184181430303,217
2023-01-20 10:00:00,4,0,0,2,27.793490039053324,65.53163011182097,18.00106482872139,186
2023-01-20 11:00:00,1,0,1,1,19.60980480622456,60.171121616487,19.789660276078422,191
2023-01-20 12:00:00,1,0,1,3,15.820904542341093,28.582370857481756,24.038042538846316,169
2023-01-20 13:00:00,4,0,0,1,-0.2580787311137689,87.11145871420696,17.53078827730356,214
2023-01-20 14:00:00,1,0,0,1,9.291475813155612,47.78284720389868,9.719846000166662,188
2023-01-20 15:00:00,4,0,1,1,39.114190871397234,70.08966512766034,13.715274374391093,201
2023-01-20 16:00:00,3,0,0,2,7.195444289975333,28.73931386857493,16.539161862569426,198
2023-01-20 17:00:00,4,0,1,2,21.894798212210805,36.410806709844394,25.34113020752912,205
2023-01-20 18:00:00,3,0,0,1,30.074439731951983,88.70174798444471,8.010972607878514,184
2023-01-20 19:00:00,4,0,1,1,7.450773319977076,53.05395422084314,21.012882526126138,196
2023-01-20 20:00:00,1,0,0,2,21.847104747810832,89.0655095208509,15.899571847732084,203
2023-01-20 21:00:00,4,0,1,1,29.37915537510655,58.43538681882964,19.189152676147405,185
2023-01-20 22:00:00,1,0,1,2,20.124993219072504,23.162044540842853,14.49002641682034,203
2023-01-20 23:00:00,4,0,1,3,48.684030556667686,77.84135199463441,10.78783684936837,201
2023-01-21 00:00:00,4,0,0,1,3.3140074112180473,48.202153644887844,18.75436389700666,207
2023-01-21 01:00:00,2,0,1,1,30.58728529883879,73.97377627034086,18.272155135528106,189
2023-01-21 02:00:00,1,0,1,2,18.271982626035356,60.50421735080164,19.86028482869861,204
2023-01-21 03:00:00,2,0,1,2,27.71920154836675,29.1376354411426,14.933476823106824,204
2023-01-21 04:00:00,1,0,0,1,24.41307151699246,63.28589530741138,12.000889883400752,213
2023-01-21 05:00:00,2,0,0,3,12.668438028900034,103.92446284305598,7.206065024880792,204
2023-01-21 06:00:00,3,0,1,1,22.2899639245934,69.85972917028919,19.096866340697034,200
2023-01-21 07:00:00,4,0,1,1,1.4209854860171278,58.84964493989074,17.11944741221993,203
2023-01-21 08:00:00,1,0,1,2,26.032475005713938,81.50686803913796,10.171086835680203,198
2023-01-21 09:00:00,1,0,1,2,22.981584659905256,64.21336930406221,12.307131633516878,200
2023-01-21 10:00:00,4,0,1,1,26.386601686431025,64.19068460525588,12.666205940242797,198
2023-01-21 11:00:00,1,0,0,2,30.5811832508715,38.16749655681795,7.58507784008791,194
2023-01-21 12:00:00,1,0,1,1,23.67619840209711,64.67696051579196,10.911588016974331,182
2023-01-21 13:00:00,2,0,0,1,21.480894197982764,80.7088683283389,9.33084821596823,212
2023-01-21 14:00:00,1,0,1,1,11.189316633387078,43.278756957999505,12.937604940560316,211
2023-01-21 15:00:00,3,0,1,2,12.87779236350949,88.48991642493897,11.306512508352187,203
2023-01-21 16:00:00,3,0,1,1,31.86734620177331,58.16587951709748,6.8649753956662565,188
2023-01-21 17:00:00,4,0,0,1,34.36335405705979,42.244609769229186,25.11295115284741,182
2023-01-21 18:00:00,1,1,0,1,17.618895636879458,79.95264153840489,21.262703655146154,192
2023-01-21 19:00:00,4,0,0,2,20.46002747253274,54.26411528523462,11.104902892400071,186
2023-01-21 20:00:00,3,0,0,2,10.953856250062339,75.19029774972216,16.36210698326805,237
2023-01-21 21:00:00,1,0,0,2,31.727568452674447,54.16482735482926,17.087325449106476,198
2023-01-21 22:00:00,1,0,1,1,26.654168236917787,58.80347712940193,20.955429273867384,206
2023-01-21 23:00:00,4,0,0,2,39.412174364637494,69.87120408668584,10.906974866699606,190
2023-01-22 00:00:00,3,0,0,1,11.216769228202612,65.81794115180011,20.46053391991213,206
2023-01-22 01:00:00,1,0,1,2,16.219921009817828,20.08936439096523,12.260473478965325,185
2023-01-22 02:00:00,4,0,1,3,22.31445922525572,37.57512519811216,8.320687979156933,203
2023-01-22 03:00:00,3,0,1,1,26.464895377257704,78.58819969581631,18.620682796572485,180
2023-01-22 04:00:00,4,0,0,2,17.843323624523677,57.35726822196906,21.453792120612142,207
2023-01-22 05:00:00,2,0,1,1,11.270389095462995,49.52537394457156,27.939544867653424,208
2023-01-22 06:00:00,1,0,0,1,28.81407528923571,32.82851969485051,9.001373674548933,230
2023-01-22 07:00:00,2,1,0,1,27.211353625455818,38.40527357448303,18.494598425403943,206
2023-01-22 08:00:00,3,0,1,1,10.83725899436275,19.564027200761053,12.950993781032334,235
2023-01-22 09:00:00,2,0,0,1,33.55442801105496,57.97438562596934,18.916793552620156,190
2023-01-22 10:00:00,2,0,1,2,31.70198709196604,48.03124838837906,7.647552243843747,197
2023-01-22 11:00:00,3,0,1,1,21.34296497247793,40.668242180293696,8.68615112150718,191
2023-01-22 12:00:00,4,0,1,2,20.795978623760362,58.63753149664094,11.12062588416758,187
2023-01-22 13:00:00,2,0,1,1,25.54057771115907,67.27941261705476,15.394820228340423,198
2023-01-22 14:00:00,4,0,0,1,11.382969297437418,101.8639586441989,11.794593667308224,219
2023-01-22 15:00:00,2,0,1,2,20.300314791640822,29.762331608735728,18.295271719567097,176
2023-01-22 16:00:00,4,0,1,1,-1.5238354460918035,83.18762086601043,20.13447309128957,206
2023-01-22 17:00:00,3,0,1,1,28.764556455029357,79.46203122030144,17.99788770622678,209
2023-01-22 18:00:00,2,0,1,2,4.3850677755814065,44.41814521246599,23.09393819830434,177
2023-01-22 19:00:00,3,1,0,1,35.03419828428999,64.06471909172062,17.079133147276714,188
2023-01-22 20:00:00,2,0,1,1,16.698799060335496,50.847335013247694,8.915516448299165,214
2023-01-22 21:00:00,3,0,0,1,17.88333018068823,63.71377160837478,21.8168825676917,199
2023-01-22 22:00:00,3,0,1,3,13.722660939154943,90.18262026809101,11.974218821970013,185
2023-01-22 23:00:00,2,0,1,2,17.119611260779237,72.11212465262626,19.55209249842785,197
2023-01-23 00:00:00,2,0,0,2,34.18531345148037,70.17216746466885,22.86867108277553,183
2023-01-23 01:00:00,2,0,1,2,-4.878086565350794,51.39381360090715,17.283440053651997,224
2023-01-23 02:00:00,1,0,0,1,32.769653860881874,30.318866701513297,7.519205934176751,185
2023-01-23 03:00:00,4,0,1,1,23.380234811017083,55.830635789191845,10.408939167451042,209
2023-01-23 04:00:00,1,0,1,2,7.9297835214278445,84.13216309727831,21.613722334425677,192
2023-01-23 05:00:00,1,0,1,1,9.246876069507621,29.456642868207048,14.154386571785919,198
2023-01-23 06:00:00,3,0,1,1,36.76393027208203,38.8982126364661,15.39786767471083,198
2023-01-23 07:00:00,2,0,1,1,10.544931200572687,62.525354724681364,18.794122080818045,184
2023-01-23 08:00:00,4,0,0,1,8.466494894040403,40.30690430305475,18.481614310401618,201
2023-01-23 09:00:00,3,0,0,3,31.373145423647298,44.14953105769575,16.393999061927303,198
2023-01-23 10:00:00,1,0,0,1,23.385528762859142,51.52802836543646,13.956658143897672,207
2023-01-23 11:00:00,2,0,0,1,10.620744234636012,32.68765191619701,13.436657771338213,223
2023-01-23 12:00:00,3,0,1,1,22.16624975404619,40.51756307567263,19.289494126456717,202
2023-01-23 13:00:00,2,0,1,3,9.742473163597227,74.06855833574618,17.767847655338965,202
2023-01-23 14:00:00,3,0,1,1,31.008213984226053,33.85260435538072,13.713499996911052,182
2023-01-23 15:00:00,2,0,0,1,30.613709648731337,28.04255731010325,20.410561564965704,199
2023-01-23 16:00:00,1,0,1,2,25.320061988219432,47.399500409322116,14.354829424351081,203
2023-01-23 17:00:00,4,0,1,2,23.616610612470165,74.63911005019692,10.741689128328034,214
2023-01-23 18:00:00,1,0,0,1,37.61188124867374,56.061563840062206,11.205146505483278,196
2023-01-23 19:00:00,4,0,1,1,19.99686327388225,50.70837843768763,10.106295818451171,214
2023-01-23 20:00:00,2,0,1,1,8.181258745791988,60.88717595031214,13.637949916981563,195
2023-01-23 21:00:00,3,0,0,1,24.49473912832307,25.08585134280696,21.168621391680965,223
2023-01-23 22:00:00,1,0,1,1,40.86047049537114,69.89411307550066,10.974524094847457,206
2023-01-23 23:00:00,4,0,1,1,9.85240506814148,67.66870062807288,15.942378805090515,196
2023-01-24 00:00:00,1,0,0,1,16.385372333060143,51.813830518085574,11.716553271862933,173
2023-01-24 01:00:00,4,0,1,1,24.164460381014525,80.11849023592833,13.698454793642812,212
2023-01-24 02:00:00,1,1,1,2,19.460951509942607,37.45007802093922,7.449793940073739,185
2023-01-24 03:00:00,4,0,1,3,10.176964196226852,82.55817986507138,13.897308854217313,206
2023-01-24 04:00:00,4,0,1,2,31.218578562304707,63.08987331190502,14.03147310097519,199
2023-01-24 05:00:00,2,0,1,1,43.20040722017259,53.26894820243653,17.701439720178477,224
2023-01-24 06:00:00,4,0,1,1,21.961314590239073,59.602527292633766,16.116404566276852,198
2023-01-24 07:00:00,2,0,1,3,10.959317102639993,57.854704683781165,9.008039375239775,196
2023-01-24 08:00:00,4,0,0,1,4.51039474946525,84.40565792835434,20.420991220217715,191
2023-01-24 09:00:00,3,1,1,1,22.579759812211808,38.466417450579726,16.051515201109975,218
2023-01-24 10:00:00,3,0,1,1,31.038773433162575,44.74961521706803,15.991967585887434,207
2023-01-24 11:00:00,3,0,1,2,24.751677464953815,80.72605784144959,14.954088233074305,193
2023-01-24 12:00:00,4,0,0,2,19.975961590811462,48.089301296322816,12.411212763888901,190
2023-01-24 13:00:00,2,0,1,1,14.107283482106938,78.01066154663184,16.08901169874363,220
2023-01-24 14:00:00,2,0,0,1,9.078363672819103,93.9887196601742,17.37794217964291,198
2023-01-24 15:00:00,4,0,0,3,28.34751326324882,51.96409946116733,6.265521543272225,219
2023-01-24 16:00:00,3,0,0,1,29.137716213855857,73.6272465315061,12.306195813269522,200
2023-01-24 17:00:00,3,0,1,2,4.542702133092669,36.926154373202834,13.725265147982054,217
2023-01-24 18:00:00,2,0,1,2,35.89838978180684,75.09466596135618,16.28085302847139,196
2023-01-24 19:00:00,3,0,1,2,25.740712208940014,63.988479719735345,20.96655502963563,210
2023-01-24 20:00:00,1,0,0,1,33.99594645145793,69.4607656432043,11.141295927016088,201
2023-01-24 21:00:00,2,0,1,1,6.578722515148849,47.088558559292096,12.51019076591079,201
2023-01-24 22:00:00,3,1,1,1,6.3417584458456115,26.77833168865655,12.437329446767249,197
2023-01-24 23:00:00,2,0,1,2,18.51030690232703,70.0650412949901,10.992362049477292,218
2023-01-25 00:00:00,1,0,0,3,25.02784426895194,18.731936950410912,13.264067524438687,198
2023-01-25 01:00:00,2,0,1,1,37.96360822926964,53.652990155149304,18.854011099939857,208
2023-01-25 02:00:00,2,0,1,1,27.060789138151314,78.8236373283994,9.730822523178272,206
2023-01-25 03:00:00,2,0,1,3,17.57318723187967,63.83795471746072,17.139071975764516,197
2023-01-25 04:00:00,2,0,0,2,9.736307923341078,98.96685289579625,6.490488849908322,236
2023-01-25 05:00:00,1,0,0,2,32.300005727191504,80.50218305163547,12.19331001778897,200
2023-01-25 06:00:00,4,0,1,1,10.35294574249285,46.92203223348847,13.35255349891007,190
2023-01-25 07:00:00,2,0,1,1,36.28468554772322,60.54626759702877,23.374298364570326,191
2023-01-25 08:00:00,2,0,1,2,17.156153503934906,59.05258594911128,13.625988476236559,207
2023-01-25 09:00:00,3,0,1,2,35.905820726178504,28.356464733077456,3.9937826327454085,191
2023-01-25 10:00:00,2,0,0,1,26.789312900592783,41.19202167031293,5.00555546569375,214
2023-01-25 11:00:00,3,0,1,1,18.630045105575416,48.784781860402795,15.170147931733405,204
2023-01-25 12:00:00,4,1,1,1,14.806036281738734,19.27558994288127,18.068854278949544,215
2023-01-25 13:00:00,1,0,1,1,16.5909212265392,60.94986936503286,16.877279288136265,190
2023-01-25 14:00:00,1,0,1,1,24.283166923752376,55.01856310693918,15.837850529004951,201
2023-01-25 15:00:00,4,0,1,3,20.771564962177166,26.542121973768516,20.811297987528334,197
2023-01-25 16:00:00,1,0,0,1,14.06188591931295,68.08425730554664,12.302043896314341,209
2023-01-25 17:00:00,4,0,1,2,18.34368589682368,74.31745489381919,19.474552780134125,186
2023-01-25 18:00:00,4,0,0,1,20.785770297191497,64.54068957729778,6.839925574867913,188
2023-01-25 19:00:00,4,0,1,2,-1.287340944148121,53.518636495820594,10.475260835309669,195
2023-01-25 20:00:00,1,0,1,3,24.581681147886986,71.8288430350371,5.964793025340919,201
2023-01-25 21:00:00,3,0,1,1,10.202787752831933,73.60440720953382,13.625773496651039,184
2023-01-25 22:00:00,4,0,1,1,8.46667596794255,66.14807139439377,14.768693913668287,197
2023-01-25 23:00:00,2,0,1,1,3.1265565288928965,43.50775499130478,15.5705074611326,202
2023-01-26 00:00:00,1,0,1,1,2.061075021321097,65.53201531022361,15.309416764435676,209
2023-01-26 01:00:00,4,1,1,2,6.445524968877107,83.90961301650958,10.36223334594136,189
2023-01-26 02:00:00,4,0,0,3,12.909790423695096,48.067418827765394,14.048795777933922,231
2023-01-26 03:00:00,2,0,1,1,39.53259137526568,101.95878678264863,7.512766656971257,200
2023-01-26 04:00:00,3,1,1,1,14.74120324104796,49.487381320292315,21.81614487566125,171
2023-01-26 05:00:00,3,0,1,1,21.777501062680315,60.64814026680273,13.481869635509995,183
2023-01-26 06:00:00,3,0,1,2,24.004813865063287,46.550288079873276,12.555569404781544,201
2023-01-26 07:00:00,4,0,1,1,21.310651862158487,64.46541671840522,22.944701642220416,185
2023-01-26 08:00:00,4,0,0,1,19.225565392740062,25.155566147294497,8.788767332253853,193
2023-01-26 09:00:00,4,0,1,2,8.047062364007553,49.07916402366558,9.372064429840155,192
2023-01-26 10:00:00,1,0,0,2,34.50927548279212,38.15757599302866,9.518898375657175,188
2023-01-26 11:00:00,2,0,0,1,38.07196643637885,62.706766957845815,14.66064309150259,197
2023-01-26 12:00:00,4,0,0,2,3.1734130587731424,79.88894751017814,17.158158148187987,190
2023-01-26 13:00:00,2,0,1,1,9.759714091136205,72.92012374229103,18.69837734058917,201
2023-01-26 14:00:00,2,0,1,1,17.201896576229938,12.566812782822154,27.859976587474844,199
2023-01-26 15:00:00,3,0,0,2,10.354622050898087,100.8413930585576,3.752837728996181,226
2023-01-26 16:00:00,1,0,1,2,25.05965553455865,65.90559881241737,18.043677945622086,192
2023-01-26 17:00:00,4,0,1,1,12.71727797593387,44.47001719013999,12.214347137138844,190
2023-01-26 18:00:00,3,0,0,1,41.65056067806602,63.14255837981881,12.067924255556132,211
2023-01-26 19:00:00,3,0,1,1,31.90548594343596,63.523796450053844,11.901139358730612,173
2023-01-26 20:00:00,4,0,1,1,22.12574030632215,46.66302566096873,10.456151645960134,214
2023-01-26 21:00:00,2,1,1,1,30.26986263319732,63.95833334684151,23.422624173017258,207
2023-01-26 22:00:00,3,0,1,1,31.05900424357309,47.850554247593855,19.211486635069512,220
2023-01-26 23:00:00,2,0,1,1,14.360525119417568,51.912760146199545,15.115979892786875,201
2023-01-27 00:00:00,1,0,1,2,11.837827554580352,46.27441728489831,21.755078762435,220
2023-01-27 01:00:00,2,0,1,2,20.781430629696473,31.346574205206945,7.4373551735056225,192
2023-01-27 02:00:00,1,0,1,2,28.61636124497944,62.91672940430768,8.346474343345369,187
2023-01-27 03:00:00,2,0,0,1,21.390603986534177,71.70598873032677,4.110161339026561,218
2023-01-27 04:00:00,3,0,1,3,4.230035178090028,70.29767192152744,11.502927299383563,196
2023-01-27 05:00:00,3,0,1,2,11.971755560491577,76.39850505270468,15.808492633523764,194
2023-01-27 06:00:00,1,0,0,2,19.26027136405622,66.48680420029736,15.51429288966167,185
2023-01-27 07:00:00,4,0,0,2,19.243343956741697,49.34549003566193,15.746709555299402,189
2023-01-27 08:00:00,1,0,1,3,39.725421767898084,76.79327728862377,7.944715844669591,195
2023-01-27 09:00:00,1,0,1,1,6.14012057601002,32.8496492031613,19.01577371307011,195
2023-01-27 10:00:00,2,0,1,1,25.055892418358745,41.986572349750396,16.19813759119499,177
2023-01-27 11:00:00,2,0,1,2,34.89113108328289,40.7159985715351,18.665271407329993,204
2023-01-27 12:00:00,1,0,0,2,42.71449745422796,81.6011211827862,5.53618911204974,197
2023-01-27 13:00:00,3,0,1,2,15.956025768160387,78.85577028280152,16.55745429398895,201
2023-01-27 14:00:00,2,0,0,1,24.914294527201996,69.7461047408999,9.061173800412366,183
2023-01-27 15:00:00,4,0,1,1,25.69760357198647,81.43859730423594,13.01338373724319,181
2023-01-27 16:00:00,2,0,1,1,21.954817315532907,42.414344351760235,17.671824493181916,204
2023-01-27 17:00:00,2,0,1,3,19.01154798760694,66.97190239721961,15.455468031279565,189
2023-01-27 18:00:00,4,0,1,1,24.35975389500046,57.49651143233672,10.742300101103407,188
2023-01-27 19:00:00,1,0,1,1,-5.322460852196853,76.93764207769829,15.03136578092209,187
2023-01-27 20:00:00,4,0,1,1,26.820694900626314,57.69551534895605,7.342323423781785,201
2023-01-27 21:00:00,1,0,1,1,21.26177903661967,52.30114223179838,20.75133697949148,184
2023-01-27 22:00:00,1,0,1,2,17.775251032217348,70.8181703712198,13.973579902518743,213
2023-01-27 23:00:00,1,0,1,2,40.46862195719558,77.52338334382466,20.592749721276633,196
2023-01-28 00:00:00,4,0,1,2,13.250659812094478,46.63309610306397,12.367341564519785,189
2023-01-28 01:00:00,1,0,1,1,15.969240109349693,58.77848657295248,12.382120057967086,202
2023-01-28 02:00:00,3,0,1,2,39.91553302204734,38.831187327166944,11.179066066810767,231
2023-01-28 03:00:00,4,0,0,1,11.679386951501433,10.038779650141212,19.380869658465375,212
2023-01-28 04:00:00,3,0,1,2,14.498847170634612,64.00919262827458,11.45284421335762,183
2023-01-28 05:00:00,1,0,1,1,18.5297457656915,72.17810712509264,18.222977162075885,192
2023-01-28 06:00:00,2,0,0,1,28.407344821295492,65.24133618173451,13.087738011653549,203
2023-01-28 07:00:00,1,0,0,2,22.078025073533134,21.008765644912657,5.120183500541902,200
2023-01-28 08:00:00,3,0,0,3,7.073746528477374,52.98301139847051,12.148429661067668,177
2023-01-28 09:00:00,3,0,1,1,14.678314368728104,15.633044798978375,9.104458928185759,221
2023-01-28 10:00:00,4,0,1,2,13.926455667877885,87.3940221530837,15.169513618411688,182
2023-01-28 11:00:00,2,0,1,1,19.227789547769543,38.27890835763827,9.047961321627549,197
2023-01-28 12:00:00,4,0,1,1,24.25843658629829,85.10807218919793,19.629875503573082,182
2023-01-28 13:00:00,3,0,1,1,24.18205755887972,78.91739287368291,14.544620698234864,181
2023-01-28 14:00:00,1,0,1,1,2.2398824595159783,41.98819294927876,14.112020026206306,212
2023-01-28 15:00:00,2,0,1,1,30.63940987560856,37.344300974645094,18.279460688937913,208
2023-01-28 16:00:00,1,0,1,1,22.525688459966236,67.00740432772677,19.819534670379312,196
2023-01-28 17:00:00,1,0,1,1,33.84532047593906,43.11351925633857,14.899506241151741,164
2023-01-28 18:00:00,2,0,1,3,24.441983272906718,62.04969284316415,11.143998502253547,187
2023-01-28 19:00:00,4,0,0,1,31.01322957735762,50.34344818386163,6.130151919439353,216
2023-01-28 20:00:00,1,0,1,2,24.66545311450127,24.376831710687334,11.5697512148241,206
2023-01-28 21:00:00,3,0,1,1,33.46225756202748,15.39063961751082,11.913938766760191,203
2023-01-28 22:00:00,1,0,1,2,25.222506360177785,64.53368496989194,15.535287264961484,203
2023-01-28 23:00:00,2,1,0,1,19.020847535570958,48.768845073387496,13.274265594309863,181
2023-01-29 00:00:00,2,0,0,1,42.72434720446882,48.93820366171735,18.43966486025714,219
2023-01-29 01:00:00,2,0,1,1,28.89037122279892,73.91727678187571,11.935083643646552,206
2023-01-29 02:00:00,4,0,0,1,25.73744421004413,83.4688455326489,14.714794165735292,195
2023-01-29 03:00:00,1,0,1,1,7.236955834616641,54.549105572763814,20.919937215984447,193
2023-01-29 04:00:00,4,0,0,2,7.116923825364623,53.18802586180277,16.709126069774833,209
2023-01-29 05:00:00,4,0,1,2,22.927154821418533,70.00286066227768,14.699812291557178,230
2023-01-29 06:00:00,2,0,1,2,21.455211977682406,32.86128860600849,11.990277790324114,200
2023-01-29 07:00:00,2,0,1,2,13.858774349916839,64.46306109495394,11.833843016425115,224
2023-01-29 08:00:00,4,1,1,1,21.4098269961206,71.03771943644308,10.746933735240262,203
2023-01-29 09:00:00,1,0,0,1,35.886269280435954,73.60460416835258,12.294965671085503,189
2023-01-29 10:00:00,3,0,0,1,26.954024745502988,21.2649459499507,18.77832919372157,227
2023-01-29 11:00:00,4,0,1,1,8.589914902472618,44.772894603821186,13.890558643538656,197
2023-01-29 12:00:00,1,0,1,1,18.884911728570565,42.43473494353067,8.251134653093844,224
2023-01-29 13:00:00,2,0,1,1,11.950335191474391,61.99773908818426,23.840846465298917,199
2023-01-29 14:00:00,2,0,1,1,16.12300083591439,69.61489159535968,16.599825955725816,187
2023-01-29 15:00:00,1,0,1,1,15.863843343703573,89.93420814891962,7.965282997434153,203
2023-01-29 16:00:00,3,0,1,2,15.223544173959947,50.10069039263853,12.790755363795881,200
2023-01-29 17:00:00,2,0,1,2,7.448646280266051,50.048550033815715,15.55443191414209,218
2023-01-29 18:00:00,2,0,0,1,18.723453184818098,82.99344037757494,23.522960466486886,197
2023-01-29 19:00:00,2,0,1,3,14.393923631526903,65.9315387706061,9.459437708705654,206
2023-01-29 20:00:00,1,0,1,3,-9.29448690002268,85.35303022375948,19.880203596779733,224
2023-01-29 21:00:00,4,0,1,1,40.52972024501663,65.77456006019672,21.997432134861715,207
2023-01-29 22:00:00,2,0,0,1,30.887696542166722,36.857667625734585,11.856728474627149,225
2023-01-29 23:00:00,4,0,1,1,16.23699275075004,33.33743290444387,13.612431905698832,178
2023-01-30 00:00:00,3,1,1,3,20.188190497405984,28.969755018821417,9.81845376313115,195
2023-01-30 01:00:00,2,1,1,2,8.283456526824382,73.24103669516947,13.982694294598476,203
2023-01-30 02:00:00,2,0,1,1,36.95722877810865,83.77193646174017,14.817050128285343,214
2023-01-30 03:00:00,3,0,1,1,38.97288694773111,96.98724282772761,18.298249990411854,210
2023-01-30 04:00:00,2,0,1,1,21.566937282465247,76.86210664646481,20.450917355102234,192
2023-01-30 05:00:00,4,0,0,1,30.235306441853446,83.25677155069971,11.259519676891765,190
2023-01-30 06:00:00,1,0,1,1,21.752867789339238,48.399673346926306,5.163374678870028,192
2023-01-30 07:00:00,4,0,0,2,6.6327456112406935,36.871683665122866,14.893776103618789,175
2023-01-30 08:00:00,1,0,1,2,15.881766310363426,77.00158664835106,16.467687649843203,194
2023-01-30 09:00:00,1,0,1,2,21.31927966771957,68.35361504478801,16.24708843842521,212
2023-01-30 10:00:00,4,0,0,2,15.454522812565559,62.14888748681785,13.36663376245478,204
2023-01-30 11:00:00,4,0,1,2,17.81346722564964,67.7474296126598,15.623760498319673,206
2023-01-30 12:00:00,4,0,0,1,19.08600442490885,66.46370964916412,22.577224041761237,210
2023-01-30 13:00:00,4,1,1,2,19.191215021345382,85.67633719707122,16.908670844812548,219
2023-01-30 14:00:00,3,0,1,1,20.52258490497483,85.89971169633911,13.133157874984578,176
2023-01-30 15:00:00,2,0,1,2,9.393949336033991,70.88440704680694,12.499010914520023,200
2023-01-30 16:00:00,1,0,0,1,12.829838508720638,76.91605745125857,14.150738211611346,198
2023-01-30 17:00:00,4,0,1,2,7.154157343000307,70.28125104849552,23.1836998091532,201
2023-01-30 18:00:00,4,0,1,1,29.778155496862002,50.776605359307624,14.083496452369014,205
2023-01-30 19:00:00,4,0,1,1,-1.0564694184032453,75.1312934982628,14.90102827739646,184
2023-01-30 20:00:00,3,0,1,1,31.53590343316926,32.11009862281477,12.588432145318485,204
2023-01-30 21:00:00,4,0,0,1,33.86349397262844,81.07783104591766,20.494916787209824,196
2023-01-30 22:00:00,4,0,1,2,16.978194130173787,36.109541204679296,24.799186273723375,185
2023-01-30 23:00:00,4,0,0,2,-6.031370878272986,65.71606573589466,17.253065247156943,204
2023-01-31 00:00:00,2,1,1,1,16.386894380327096,43.09692083147682,15.413864518927129,177
2023-01-31 01:00:00,3,0,1,1,19.358158387111807,71.06777966148853,15.183914165871174,195
2023-01-31 02:00:00,4,0,0,1,9.894017800710863,59.32149548144182,3.0784660560712718,198
2023-01-31 03:00:00,1,0,0,1,14.847816061917571,28.104880836733344,18.725754321424088,192
2023-01-31 04:00:00,1,0,0,1,35.30195198863351,68.41399262036958,15.670832079979219,189
2023-01-31 05:00:00,1,0,1,2,26.64927162301741,48.44158446334579,17.141710253303625,190
2023-01-31 06:00:00,3,0,1,1,10.754358856219003,77.62293441626738,11.442689029581476,193
2023-01-31 07:00:00,3,0,1,1,4.024008304045681,60.02651377468815,13.077715605114541,206
2023-01-31 08:00:00,1,1,0,1,16.729826823902293,67.90841970776077,12.944875317484135,204
2023-01-31 09:00:00,4,0,0,1,17.86543220649562,40.84862089969575,20.108114920365196,190
2023-01-31 10:00:00,3,0,1,1,24.961991873633163,48.213355371452764,13.106200816984533,198
2023-01-31 11:00:00,1,0,0,2,14.64683287432341,50.82722727797831,25.413301610548988,202
2023-01-31 12:00:00,1,0,1,1,25.11499575361861,77.13404960485111,17.154312095075188,204
2023-01-31 13:00:00,4,0,1,1,39.35154040060229,93.54754175610978,8.621586700021343,203
2023-01-31 14:00:00,2,0,1,1,28.155010224442627,43.896564965142474,14.357268533740216,180
2023-01-31 15:00:00,3,0,1,1,19.519114926692275,81.5369628931536,11.741624389217922,190
2023-01-31 16:00:00,4,0,1,1,18.168495289467053,16.606451645485958,4.028087650899879,197
2023-01-31 17:00:00,1,0,0,3,16.43326865820129,36.11621197815421,22.99735470056895,193
2023-01-31 18:00:00,1,1,0,2,31.806409124521444,40.82443087626451,18.51571271110002,206
2023-01-31 19:00:00,4,0,0,1,13.726865540486973,32.94982621118556,17.666036589496564,211
2023-01-31 20:00:00,3,0,1,1,20.452227089999827,28.3282322042484,15.827018301498521,206
2023-01-31 21:00:00,2,0,0,1,20.51197901881085,68.25997824275595,8.089912156537812,195
2023-01-31 22:00:00,2,0,1,1,14.98215807188468,55.718646045442775,12.581914302222817,215
2023-01-31 23:00:00,1,0,1,2,6.27534452115899,67.58810795210219,19.208903873920065,189
2023-02-01 00:00:00,3,0,1,2,23.229745036176684,73.80945372243026,9.743899851087487,193
2023-02-01 01:00:00,2,0,1,1,19.389960281446164,65.31233986345067,2.3411534187459337,191
2023-02-01 02:00:00,3,0,0,1,25.002404694365698,73.15526352300748,13.864469961095368,223
2023-02-01 03:00:00,3,0,1,1,14.663996935608331,58.609354275154615,14.291212229862305,210
2023-02-01 04:00:00,1,0,1,2,32.20821298813048,36.2601322338851,15.677817082073545,205
2023-02-01 05:00:00,2,0,0,2,11.232262187881553,81.15628361641592,18.64259321757268,192
2023-02-01 06:00:00,4,0,0,1,37.120402840178926,48.21775734437746,18.188029061156044,200
2023-02-01 07:00:00,1,0,1,1,2.5236349017173842,41.28807402475148,16.293849026219608,191
2023-02-01 08:00:00,2,0,1,2,24.34770064556891,56.441642483912034,20.977656940433548,176
2023-02-01 09:00:00,2,0,1,1,24.754306825266234,41.74378161406974,7.405151095933427,189
2023-02-01 10:00:00,2,0,1,1,12.044429320591178,51.651392360211354,17.522909072386952,179
2023-02-01 11:00:00,2,0,1,1,24.243939378610126,66.88107843126933,18.132691816684712,190
2023-02-01 12:00:00,2,0,1,2,32.795186697601586,66.96683478492254,8.802188569598803,199
2023-02-01 13:00:00,3,0,1,1,-2.1681883935406443,42.04339867148741,7.485646956588054,201
2023-02-01 14:00:00,1,0,1,1,25.027448074908147,50.24589254102511,11.270289367621992,203
2023-02-01 15:00:00,3,0,1,2,-4.932708203300775,81.48666009540487,11.69229278742354,194
2023-02-01 16:00:00,4,0,1,1,10.343351964767919,69.92800235467882,18.767097317512153,194
2023-02-01 17:00:00,2,0,1,1,36.29166364900945,101.50130078697083,11.927306081544524,198
2023-02-01 18:00:00,1,0,1,1,14.18217966607946,83.60256347483056,10.71825740859398,179
2023-02-01 19:00:00,2,0,1,1,8.261200355910274,82.88586137119879,11.941831316527205,210
2023-02-01 20:00:00,1,0,1,2,18.02062271015318,32.24262899088396,20.59316167077106,183
2023-02-01 21:00:00,3,0,1,1,40.67906338163552,75.27720703266846,15.065216871884761,198
2023-02-01 22:00:00,1,0,1,1,1.6831775279397387,58.937863966061784,14.103744873215438,196
2023-02-01 23:00:00,4,0,1,1,9.486900883606555,48.98036392923501,14.449972506494742,233
2023-02-02 00:00:00,4,0,0,2,34.974316831796266,63.36030681065057,21.460301671632614,215
2023-02-02 01:00:00,1,0,1,2,38.57702343537733,78.90423069222966,11.254141366983792,164
2023-02-02 02:00:00,1,0,0,1,18.96568775709716,70.01663182008423,21.57754145470052,203
2023-02-02 03:00:00,1,0,1,1,7.609472974733576,42.430523973158806,16.05248149460752,217
2023-02-02 04:00:00,1,0,1,2,40.95843501809159,74.84917827185241,14.197903090123262,187
2023-02-02 05:00:00,4,0,1,1,35.94442391749197,47.248249158480725,27.504502489671406,225
2023-02-02 06:00:00,2,0,1,2,26.78946987762233,64.33366237928573,9.721802551007018,212
2023-02-02 07:00:00,1,0,1,2,11.875976510625799,53.932998650457314,13.23157120216497,200
2023-02-02 08:00:00,1,0,1,2,19.509706591619633,55.62267496528749,8.837843804179998,189
2023-02-02 09:00:00,4,1,1,1,18.396399189551698,75.32485950081019,19.762309852680847,156
2023-02-02 10:00:00,4,0,1,1,23.308513046155777,39.19612560368204,23.44594466825839,220
2023-02-02 11:00:00,3,0,0,2,34.51001438131336,98.90390148553865,23.349613907023194,197
2023-02-02 12:00:00,1,0,0,1,28.794170411374033,23.578278614110072,21.119743765730025,195
2023-02-02 13:00:00,3,0,1,1,9.226239230152418,48.04664633490286,14.011897661020171,213
2023-02-02 14:00:00,4,0,1,2,33.764964500195376,67.40423779883481,13.173795112550767,209
2023-02-02 15:00:00,4,0,0,2,23.131321400131554,71.6862833287062,6.644151137529675,193
2023-02-02 16:00:00,2,0,0,1,26.870657958589163,57.99048558856588,25.179367675908964,193
2023-02-02 17:00:00,1,0,0,1,34.66540859278603,58.85218593996914,17.34489039074234,193
2023-02-02 18:00:00,3,0,1,1,8.884197504864488,68.21100170655234,12.540215475652584,196
2023-02-02 19:00:00,4,0,1,2,19.64174421293537,55.378610450846395,21.64028444493484,188
2023-02-02 20:00:00,4,0,1,3,14.68545448640785,87.86362515869811,10.136177416199995,197
2023-02-02 21:00:00,3,0,0,1,4.321405746345441,76.78698228463205,17.03311017111337,199
2023-02-02 22:00:00,2,0,1,1,23.4670997760492,77.45648702011269,14.136854328545827,200
2023-02-02 23:00:00,4,0,0,2,45.11556551584424,40.676865532591655,18.193385699401503,191
2023-02-03 00:00:00,1,0,0,1,1.5992225549424721,58.41223151188594,14.682132304069393,228
2023-02-03 01:00:00,4,0,1,1,19.677193889505297,53.99068102558593,7.745360544443878,203
2023-02-03 02:00:00,1,0,0,3,26.405429350747735,39.887972486210685,15.37788186335019,193
2023-02-03 03:00:00,3,0,0,1,21.23078201656181,67.20328367891534,20.244320709376808,182
2023-02-03 04:00:00,1,0,0,2,18.868719474842596,49.24708484440367,14.853917970730073,183
2023-02-03 05:00:00,3,0,0,1,7.007836365541758,73.10807659700474,18.87557560794543,188
2023-02-03 06:00:00,1,0,0,1,22.327867429401635,38.59616874211336,9.772352571629735,230
2023-02-03 07:00:00,3,0,1,2,12.432360229840736,94.38081225683642,14.868696033650739,202
2023-02-03 08:00:00,1,0,1,1,-1.8992170497855332,42.07334682815876,11.877447724557113,193
2023-02-03 09:00:00,2,0,1,3,31.945922205137308,64.38604674400872,18.734904200523548,228
2023-02-03 10:00:00,1,0,1,1,29.583858198420423,75.83718620776135,15.157457811309978,220
2023-02-03 11:00:00,1,0,0,1,20.516609768510797,48.58719139599774,18.450368381683063,206
2023-02-03 12:00:00,2,0,1,1,22.290746882057025,77.049372868659,20.43855213078933,196
2023-02-03 13:00:00,4,0,1,1,30.743180127155618,35.416328043991676,18.45809287560694,196
2023-02-03 14:00:00,4,0,0,1,22.243396567780827,89.04235398365121,16.365592171468222,189
2023-02-03 15:00:00,1,0,1,1,29.040175547613146,60.282985299315165,10.008938707442974,201
2023-02-03 16:00:00,2,0,0,1,17.025177991261497,48.071771840622404,14.986069446665494,212
2023-02-03 17:00:00,1,0,1,1,33.119837385739466,54.01636455145131,12.334547989920836,207
2023-02-03 18:00:00,3,0,1,2,23.20785725932684,76.17838538785439,13.279680216478868,199
2023-02-03 19:00:00,3,0,1,2,21.94051943605874,48.31089416299123,13.127329246248745,196
2023-02-03 20:00:00,1,0,1,2,7.2993891128796795,45.01284621154445,10.100372126088777,237
2023-02-03 21:00:00,4,0,1,1,22.86955854301709,55.569268048325235,5.213307054330051,210
2023-02-03 22:00:00,4,0,1,1,11.680450825055487,36.46075774460064,11.659284758361165,194
2023-02-03 23:00:00,1,0,0,2,13.617172734715059,96.41087815883631,15.966897259620795,196
2023-02-04 00:00:00,1,0,0,1,11.846243716838787,48.67210817570553,8.25911477286255,202
2023-02-04 01:00:00,3,0,1,1,9.337650681007748,76.63233572360807,15.078411182358122,182
2023-02-04 02:00:00,4,0,1,2,41.24771403016962,64.18940167295546,24.501342121554824,184
2023-02-04 03:00:00,1,0,1,2,33.31339061988403,40.30931899036064,20.115282776261196,227
2023-02-04 04:00:00,3,0,1,1,39.20367502144261,59.880905815745415,23.217707545602646,207
2023-02-04 05:00:00,4,0,1,1,7.771049804444361,75.68005558621496,16.95563938466363,223
2023-02-04 06:00:00,2,0,1,2,20.712537499108926,56.23477329827387,20.83754911493223,212
2023-02-04 07:00:00,3,0,1,1,7.0649237479590425,83.86225891702057,11.380176347661063,217
2023-02-04 08:00:00,4,1,1,2,13.04305122802936,80.43030785563728,11.778298664890078,190
2023-02-04 09:00:00,4,0,1,2,10.818730165834252,78.37829709316658,1.3042989693126361,190
2023-02-04 10:00:00,3,0,1,2,32.395840064415616,50.80686455454006,20.930727370211496,158
2023-02-04 11:00:00,2,0,0,1,16.0377032189824,38.40315104437026,22.70161989909943,190
2023-02-04 12:00:00,3,0,1,1,30.683793336940163,47.72824789274411,12.234113773263651,188
2023-02-04 13:00:00,4,0,0,2,26.04120889588518,63.92481881333441,13.730241468013825,202
2023-02-04 14:00:00,1,0,0,2,43.03638752104789,70.9157342706471,11.230689431545192,197
2023-02-04 15:00:00,1,0,0,2,5.20555776860276,16.56857190479105,16.91326775738746,180
2023-02-04 16:00:00,3,0,1,1,32.59233239786799,59.83773596776499,20.624662726516203,209
2023-02-04 17:00:00,4,1,1,1,31.464408704007276,63.16178450646369,6.286140130594795,210
2023-02-04 18:00:00,1,1,0,2,10.266211619729654,54.44911487368897,17.047192653211262,222
2023-02-04 19:00:00,4,0,1,2,30.071333364731597,85.82547678031757,13.616641141404273,227
2023-02-04 20:00:00,3,0,1,3,23.36144963026229,68.43560148501741,15.566971959833447,216
2023-02-04 21:00:00,1,0,1,2,17.72523740046592,86.20383816161794,17.294970008371454,207
2023-02-04 22:00:00,4,0,0,1,11.760645130280002,55.68078959299535,14.058987806135894,230
2023-02-04 23:00:00,1,0,1,2,12.808905485508138,78.7495498501385,14.482065732971098,204
2023-02-05 00:00:00,3,0,1,2,40.49812095785926,92.70132789055039,13.930624162226806,227
2023-02-05 01:00:00,4,0,0,1,20.006828189574826,86.23386898545323,19.851581008941405,200
2023-02-05 02:00:00,1,0,0,2,27.82130001531459,38.15716813142534,17.093799800637484,213
2023-02-05 03:00:00,3,0,1,1,12.091006183324469,54.926478449152384,16.102917688686805,172
2023-02-05 04:00:00,1,0,1,1,12.201470537783612,53.09670589100407,8.645241394538587,201
2023-02-05 05:00:00,1,0,1,2,30.819848092499424,69.78509070152656,13.10710128393423,217
2023-02-05 06:00:00,2,0,1,1,6.504237884484678,73.72707110029066,19.49334580169587,178
2023-02-05 07:00:00,2,0,1,1,15.847862320947284,43.22214651948527,15.188482865619614,201
2023-02-05 08:00:00,3,1,1,1,20.34027411072232,61.35677027833875,18.29765734794569,221
2023-02-05 09:00:00,2,0,0,1,21.113726018400524,19.601453356877272,23.832559001638167,196
2023-02-05 10:00:00,3,0,1,1,18.209067149838436,88.83890011603779,20.193030346044083,195
2023-02-05 11:00:00,2,0,1,1,23.958197810959234,49.75251518646613,15.465791688498712,199
2023-02-05 12:00:00,1,0,1,3,26.928557558178117,61.11727879688994,12.445054149021365,226
2023-02-05 13:00:00,3,0,1,1,27.3463754545933,53.807005720238784,2.2322520197205087,210
2023-02-05 14:00:00,3,0,1,1,10.141961913321733,82.9205515002683,14.158075387635737,200
2023-02-05 15:00:00,1,0,0,1,17.158449020712027,3.249871172052421,13.369937520915753,193
2023-02-05 16:00:00,3,0,1,2,31.94762861876938,59.66779315348182,16.95183097197688,208
2023-02-05 17:00:00,3,0,0,1,28.946471875738723,57.88362485004604,14.230473865126562,200
2023-02-05 18:00:00,2,0,1,2,6.27140548518936,50.92727224816635,13.398074702816029,199
2023-02-05 19:00:00,3,0,0,2,23.51479900352202,94.52453091271265,6.103005347463897,186
2023-02-05 20:00:00,4,0,0,2,0.21774750625189743,42.253410822884575,10.300160854249668,189
2023-02-05 21:00:00,1,0,1,1,20.469349020603698,75.43592354471322,17.383255204002786,212
2023-02-05 22:00:00,2,0,0,2,38.97767016745977,67.12505577412168,23.57953815566347,189
2023-02-05 23:00:00,2,0,1,1,10.521072827310137,85.23038505071031,14.512373081271884,212
2023-02-06 00:00:00,4,0,1,3,11.65676954508418,46.656218304449894,16.63905536787062,198
2023-02-06 01:00:00,1,0,0,2,27.640297815728594,45.34062201752482,19.762390784764026,208
2023-02-06 02:00:00,1,0,0,1,4.571984847903541,81.92139814954797,10.945530318998753,214
2023-02-06 03:00:00,2,0,1,1,13.67244970114961,68.50642616660221,16.83407021642721,191
2023-02-06 04:00:00,3,0,1,1,25.964411375817527,29.101253066464828,11.297549468339206,183
2023-02-06 05:00:00,2,0,1,2,13.657141523105969,49.213899710734594,19.324122192455057,192
2023-02-06 06:00:00,1,1,1,1,17.640300127890285,67.72765307696122,15.757015239758664,207
2023-02-06 07:00:00,4,0,1,1,27.441857103150344,76.75528443093178,16.4922590699072,209
2023-02-06 08:00:00,2,0,1,1,24.21546083536561,46.4153869361409,11.087007012907055,191
2023-02-06 09:00:00,1,0,1,2,22.668183962954018,1.7148802036611777,18.535161798053924,197
2023-02-06 10:00:00,2,0,1,2,16.60877720729961,70.46446371474066,25.42356460615508,209
2023-02-06 11:00:00,3,0,0,2,23.700611152689557,35.59358620112049,9.96044152285897,216
2023-02-06 12:00:00,2,0,1,2,18.762673199002432,19.653224037551773,13.30120496176238,204
2023-02-06 13:00:00,2,0,1,1,24.57805609925785,3.3534815003171836,16.15803737084046,196
2023-02-06 14:00:00,1,0,1,1,15.030679748820218,76.27961720395483,18.93203105997908,200
2023-02-06 15:00:00,1,0,1,2,18.17431025620459,62.57234900809933,12.202268573552656,201
2023-02-06 16:00:00,1,0,1,1,10.10042207447986,55.486872385754964,0.8348485492863,219
2023-02-06 17:00:00,2,0,1,1,19.64992389993764,87.78048725925524,21.795947470820124,230
2023-02-06 18:00:00,3,1,1,1,11.889991363711554,72.74649366046145,18.802530597920715,190
2023-02-06 19:00:00,4,0,1,1,8.859535498380069,92.32600085443833,6.285262347566674,217
2023-02-06 20:00:00,4,0,1,1,22.58661147855388,32.14529055666007,11.96215604110222,211
2023-02-06 21:00:00,1,0,1,2,22.127397758576603,59.30898752092073,22.84091214763663,189
2023-02-06 22:00:00,1,0,1,1,27.828737349485724,27.665732501039713,22.23898209228933,184
2023-02-06 23:00:00,2,0,1,1,15.68874430424901,55.412353362890656,19.693200113394724,190
2023-02-07 00:00:00,4,1,1,1,24.080528468367557,55.02768292466646,14.119437830200686,209
2023-02-07 01:00:00,1,0,1,2,25.50797572273663,72.53227274526141,15.41493709406255,202
2023-02-07 02:00:00,3,0,1,1,24.447738078315947,60.911277622837964,14.345370974369368,214
2023-02-07 03:00:00,3,0,0,2,11.74346317197858,72.46814276559832,20.641198916344187,206
2023-02-07 04:00:00,1,0,1,2,21.49363482271189,74.06880266277788,10.62078796752445,187
2023-02-07 05:00:00,1,0,0,1,23.641402960546614,103.09857354766284,10.971001725578976,205
2023-02-07 06:00:00,4,0,1,3,20.07178466907942,53.69406689427751,20.05137293418008,211
2023-02-07 07:00:00,4,0,1,3,-0.8647765837108468,41.179545986672416,14.778192722442192,193
2023-02-07 08:00:00,2,0,0,2,21.6048962397348,64.92167230632818,21.89233677726904,208
2023-02-07 09:00:00,4,0,0,2,42.12531039397243,43.95439945720913,11.642438965097272,198
2023-02-07 10:00:00,3,0,1,1,16.399607312430174,89.63921536873072,14.726108198305875,195
2023-02-07 11:00:00,3,0,1,1,12.719229021446788,54.33563922109535,10.387935075780234,192
2023-02-07 12:00:00,1,0,1,1,23.733485597113983,48.688472642520196,15.036813407117835,207
2023-02-07 13:00:00,4,0,0,1,23.123782104665718,50.573685576977645,7.607265315006005,216
2023-02-07 14:00:00,2,0,1,3,31.92735165416415,74.36834846943282,12.561832895225185,211
2023-02-07 15:00:00,3,0,1,1,7.42131844091112,56.84506033537029,7.8187306753594115,206
2023-02-07 16:00:00,3,0,1,2,27.313802525749924,47.16666359739236,18.469616165956293,180
2023-02-07 17:00:00,2,0,1,2,25.904220612514635,93.30703835247061,18.58294669879826,219
2023-02-07 18:00:00,2,0,1,2,18.57853463059454,42.876603186764996,6.348686347578275,175
2023-02-07 19:00:00,3,0,0,3,23.386873179216895,60.71132148065987,21.669428727502865,216
2023-02-07 20:00:00,3,0,1,1,30.294574815983573,73.0461230322046,27.48707563209927,217
2023-02-07 21:00:00,2,0,1,1,28.723153800284503,27.373297791658537,15.230031933681705,201
2023-02-07 22:00:00,3,0,1,1,8.569806879262714,69.60521002811849,11.794428698876777,197
2023-02-07 23:00:00,1,0,0,1,28.201581867554843,38.89784649039101,29.121652955015232,191
2023-02-08 00:00:00,1,0,1,1,19.35311394967482,76.45565561668005,8.405157508487447,201
2023-02-08 01:00:00,2,0,0,1,20.728740980155145,40.74697976162047,15.100532334345491,213
2023-02-08 02:00:00,4,0,1,2,20.731969910016943,73.85538063697722,15.898111363159618,212
2023-02-08 03:00:00,2,0,1,1,18.497570112017407,82.11666132589426,21.725738102262074,175
2023-02-08 04:00:00,2,0,1,1,31.917074971070647,77.2287305126561,16.79869487563394,208
2023-02-08 05:00:00,4,0,0,2,19.16282040150788,65.02633296476205,12.506830521057744,219
2023-02-08 06:00:00,4,0,0,1,8.804538716168313,55.373981141406006,10.24407814806022,203
2023-02-08 07:00:00,4,0,1,1,16.064701440302713,48.47160847330312,13.290890898769323,201
2023-02-08 08:00:00,1,0,0,2,21.786947168104756,89.42069381634208,9.965363195274278,223
2023-02-08 09:00:00,3,0,0,2,32.29214784297051,46.01009559664713,15.239126598923415,198
2023-02-08 10:00:00,1,0,1,2,26.030946849488334,39.25867852860008,12.179019100697568,188
2023-02-08 11:00:00,3,0,1,1,11.49464721252956,73.3073787006566,7.529811033551247,195
2023-02-08 12:00:00,1,1,0,2,44.85189916678892,44.07726393627009,21.27572894187452,199
2023-02-08 13:00:00,3,1,1,2,22.647753109779796,40.99873005067745,12.511637382854802,208
2023-02-08 14:00:00,1,0,0,1,32.753907379990146,31.127914756604703,8.659315975123437,202
2023-02-08 15:00:00,4,1,1,2,18.48285566422771,50.34180321078965,14.158704327562292,184
2023-02-08 16:00:00,2,0,1,2,25.333592447054492,58.345699522070134,15.341857829838293,188
2023-02-08 17:00:00,1,0,1,1,28.394685045184048,64.86183455321398,6.2676663721048325,186
2023-02-08 18:00:00,3,0,1,1,32.18194711754256,79.02612488598967,16.658238335628813,184
2023-02-08 19:00:00,4,0,1,3,30.57368305378225,70.53795847331587,9.764212156548677,211
2023-02-08 20:00:00,1,0,1,2,28.72197000072978,56.182555608936404,23.555144045953938,199
2023-02-08 21:00:00,1,0,0,1,16.849132688058912,56.0360864724056,17.619802560383675,204
2023-02-08 22:00:00,4,0,1,2,14.282539580439384,70.20314937830366,13.000500049453418,201
2023-02-08 23:00:00,1,0,1,1,23.326075103241976,85.45140325857139,11.27416114841325,225
2023-02-09 00:00:00,2,0,1,1,29.331280723410693,62.526283989664,14.47516146218188,203
2023-02-09 01:00:00,1,0,1,1,17.772792992233928,50.61738291579182,18.063953707916447,231
2023-02-09 02:00:00,2,0,1,3,30.651719657143865,40.14267997828909,14.872529357074002,191
2023-02-09 03:00:00,2,0,0,3,34.52616745486179,31.09589471175549,13.914205964315716,197
2023-02-09 04:00:00,4,1,1,1,10.836790809265803,73.32539344087046,15.291851454089478,215
2023-02-09 05:00:00,1,0,1,1,11.630792962037201,71.55957047279114,11.980705343815227,208
2023-02-09 06:00:00,4,0,1,1,18.596249410946637,71.54727050213323,13.283970365784812,191
2023-02-09 07:00:00,1,0,1,3,23.07612668189196,57.426811072958884,4.57103780547498,210
2023-02-09 08:00:00,1,0,1,3,14.75432986232949,88.13869491783501,19.868631154261838,185
2023-02-09 09:00:00,3,0,1,2,33.52202678867145,50.317630108303646,16.49398890160881,188
2023-02-09 10:00:00,1,0,0,2,24.24066861518451,79.1053847441441,11.13272077983285,199
2023-02-09 11:00:00,4,0,0,2,20.394470482407396,59.22514210020914,24.493674906776192,193
2023-02-09 12:00:00,2,0,0,1,5.640904761314727,47.83298470641325,15.435082401961933,198
2023-02-09 13:00:00,1,0,1,1,6.8418418357249315,71.85060614635523,9.819282140124015,183
2023-02-09 14:00:00,3,0,0,1,22.810092502818062,68.19272237367987,19.283687107352293,217
2023-02-09 15:00:00,4,0,1,2,-1.3259562615483622,67.13945518533852,16.990241082546312,195
2023-02-09 16:00:00,1,0,1,2,30.126374096440717,61.625568441123974,16.972899927421096,207
2023-02-09 17:00:00,4,0,1,1,18.418461556276796,59.24213836566338,12.871221976742047,208
2023-02-09 18:00:00,3,0,1,3,52.43092969594733,107.76743985740877,17.252478618890173,210
2023-02-09 19:00:00,3,0,0,1,43.079162506161104,83.68513290392346,13.691208548894528,225
2023-02-09 20:00:00,4,0,1,1,18.185509307524832,74.45653789971024,17.779707258229212,200
2023-02-09 21:00:00,1,0,1,2,18.936629974686852,62.23598316406777,5.475277729946805,199
2023-02-09 22:00:00,2,0,1,2,29.9558151400203,80.14314401193339,12.830632685104055,220
2023-02-09 23:00:00,3,0,1,2,37.031726099180375,70.35989552782904,23.610775489040975,224
2023-02-10 00:00:00,1,0,1,1,3.619709425639832,60.524095055480714,11.164662722998498,191
2023-02-10 01:00:00,1,0,1,1,2.136245346453134,53.92871349468171,11.980808512534068,180
2023-02-10 02:00:00,2,0,1,2,13.779651944456186,58.38165324674624,12.760193307750125,205
2023-02-10 03:00:00,3,0,1,1,25.827375831738642,-3.408514717561113,8.925969320556783,221
2023-02-10 04:00:00,3,1,1,1,24.96873590507597,64.21201678595284,3.9585961188587393,178
2023-02-10 05:00:00,1,0,0,2,30.6977145498385,50.23047839779281,13.847068007381935,200
2023-02-10 06:00:00,1,1,1,1,8.003024716346918,91.85339996565769,15.679297120408284,194
2023-02-10 07:00:00,2,0,0,2,-3.1614386296887664,60.386881416235084,14.73747465730674,206
2023-02-10 08:00:00,2,0,1,2,28.580141953021453,36.22073160930076,14.275607190260565,200
2023-02-10 09:00:00,3,0,1,1,11.718037270347654,59.00239691743764,15.215204354251938,234
2023-02-10 10:00:00,4,0,0,1,-0.1848786438863792,39.07757829874991,20.11420735775382,201
2023-02-10 11:00:00,3,0,1,2,21.450637459593818,69.46814831424933,14.047769070353915,202
2023-02-10 12:00:00,1,0,1,2,27.931756882186775,65.81894728678971,12.129587114563652,195
2023-02-10 13:00:00,3,0,1,2,18.779428678787227,79.15679262216536,13.594372575559568,177
2023-02-10 14:00:00,4,0,1,2,15.421516138175107,44.18236416610869,17.896733798783877,191
2023-02-10 15:00:00,2,0,1,2,18.406377678540935,60.68016192456294,22.060134392716247,202
2023-02-10 16:00:00,4,0,0,3,16.294172375992172,32.699564091467295,11.85928130415411,175
2023-02-10 17:00:00,4,0,1,1,6.519528880598329,74.0298956384943,15.494668935144418,205
2023-02-10 18:00:00,4,0,0,1,12.853193230095682,70.37742360880245,16.6917872096798,199
2023-02-10 19:00:00,2,0,1,1,25.212799050138145,69.91610042055142,10.037109966355885,201
2023-02-10 20:00:00,4,0,0,1,23.216785413765002,60.03238062713882,15.10208583606459,192
2023-02-10 21:00:00,4,0,1,1,21.680598059668203,68.29545781577582,7.671630713289525,228
2023-02-10 22:00:00,4,0,1,1,10.048515181466206,92.08678216617193,6.154748481303006,175
2023-02-10 23:00:00,1,0,0,3,18.18496837864333,54.29811485915972,16.833732039461285,220
2023-02-11 00:00:00,4,0,1,1,-1.770650464428547,62.77290367420169,13.080626293346086,194
2023-02-11 01:00:00,2,0,1,1,21.7847666388539,38.277474016371805,16.011402038106095,197
2023-02-11 02:00:00,4,0,1,1,34.288577078135674,42.63478076803335,14.910525114958249,205
2023-02-11 03:00:00,4,0,1,1,5.258678679578943,61.95626586186615,10.117999756681012,186
2023-02-11 04:00:00,2,0,1,1,14.140723266822446,82.07867093403814,14.773728490178318,194
2023-02-11 05:00:00,4,0,1,1,23.291067787101294,54.87438351496855,8.834493474925724,193
2023-02-11 06:00:00,2,0,0,1,32.52842634427484,55.28166941375752,21.954861790007,183
2023-02-11 07:00:00,4,0,0,2,15.517753836998505,51.86229510991251,8.220148275700181,199
2023-02-11 08:00:00,2,0,1,2,13.077496707341037,49.30486658311354,14.021073645157093,210
2023-02-11 09:00:00,4,0,1,2,0.3107685758391687,65.89942911417643,9.78864205976376,206
2023-02-11 10:00:00,4,0,1,2,21.034381293081065,30.05484709642711,17.852105866803978,179
2023-02-11 11:00:00,1,0,1,1,40.42076040143744,85.61879153333454,13.342843143592486,208
2023-02-11 12:00:00,1,0,1,2,22.77358461964676,46.69155403741079,12.406666401893949,216
2023-02-11 13:00:00,4,0,1,2,19.777210208162867,74.43806970876282,19.266007725257772,208
2023-02-11 14:00:00,4,0,1,1,23.220823107669855,34.60002805212248,15.14715295838776,195
2023-02-11 15:00:00,3,0,1,2,19.88907996051398,73.37680261092436,17.583222229679837,205
