scoreNullable,teamId,hasTeamName,submissionDate,score,hasScore
0.78790,7251121,True,2021-11-15 16:16:14,0.78790,True
0.77953,7252769,True,2021-11-15 11:20:28,0.77953,True
0.77788,7251967,True,2021-11-15 09:57:19,0.77788,True
0.77725,7253814,True,2021-11-15 13:02:27,0.77725,True
0.77608,7250918,True,2021-11-15 20:11:02,0.77608,True
0.77165,7403583,True,2021-11-15 16:04:26,0.77165,True
0.77075,7412183,True,2021-11-15 16:48:40,0.77075,True
0.77002,7251441,True,2021-11-15 17:44:34,0.77002,True
0.76588,7445833,True,2021-11-11 13:10:21,0.76588,True
0.76394,7346669,True,2021-11-14 01:27:44,0.76394,True
0.76305,7402070,True,2021-11-15 08:36:29,0.76305,True
0.76061,7252189,True,2021-11-15 15:21:47,0.76061,True
0.75898,7262703,True,2021-11-15 17:54:27,0.75898,True
0.75866,7252537,True,2021-11-15 10:55:38,0.75866,True
0.75768,7274262,True,2021-11-14 14:16:04,0.75768,True
0.75741,7258863,True,2021-11-15 16:44:16,0.75741,True
0.75695,7251286,True,2021-11-15 20:00:09,0.75695,True
0.75663,7256664,True,2021-11-15 13:19:33,0.75663,True
0.75597,7278737,True,2021-11-15 15:55:32,0.75597,True
0.75574,7504622,True,2021-11-15 12:41:49,0.75574,True
0.75537,7539053,True,2021-11-15 18:26:44,0.75537,True
0.75419,7269491,True,2021-11-15 17:12:09,0.75419,True
0.75200,7275184,True,2021-11-15 14:34:07,0.75200,True
0.75176,7253416,True,2021-11-15 15:51:25,0.75176,True
0.75007,7253495,True,2021-11-15 15:20:52,0.75007,True
0.74999,7253016,True,2021-11-15 16:59:38,0.74999,True
0.74928,7255764,True,2021-11-15 18:11:26,0.74928,True
0.74888,7344551,True,2021-11-15 16:19:19,0.74888,True
0.74868,7488814,True,2021-11-15 17:35:45,0.74868,True
0.74843,7390974,True,2021-11-15 18:06:32,0.74843,True
0.74678,7262019,True,2021-11-15 22:05:03,0.74678,True
0.74643,7387812,True,2021-11-15 12:47:04,0.74643,True
0.74635,7265813,True,2021-11-13 17:49:42,0.74635,True
0.74487,7376686,True,2021-09-21 14:53:56,0.74487,True
0.74412,7671758,True,2021-11-15 18:29:33,0.74412,True
0.74384,7310405,True,2021-11-15 20:11:18,0.74384,True
0.74310,7268177,True,2021-11-13 14:07:57,0.74310,True
0.74255,7482245,True,2021-11-15 19:28:53,0.74255,True
0.74210,7272234,True,2021-11-15 14:27:42,0.74210,True
0.74174,7668758,True,2021-11-15 15:47:40,0.74174,True
0.74127,7675573,True,2021-11-15 13:45:29,0.74127,True
0.74122,7390081,True,2021-11-10 10:01:50,0.74122,True
0.74078,7688710,True,2021-11-15 14:05:41,0.74078,True
0.74073,7251859,True,2021-11-15 15:15:15,0.74073,True
0.74071,7286907,True,2021-10-08 16:40:49,0.74071,True
0.74040,7665855,True,2021-11-15 18:45:37,0.74040,True
0.73988,7260842,True,2021-11-15 19:07:27,0.73988,True
0.73986,7332110,True,2021-11-15 20:04:54,0.73986,True
0.73986,7402404,True,2021-11-14 08:00:20,0.73986,True
0.73984,7382466,True,2021-09-23 14:07:53,0.73984,True
0.73983,7681982,True,2021-11-15 16:20:15,0.73983,True
0.73964,7314820,True,2021-11-15 17:41:32,0.73964,True
0.73961,7397113,True,2021-11-12 08:34:02,0.73961,True
0.73955,7353037,True,2021-09-23 04:58:48,0.73955,True
0.73952,7665696,True,2021-11-15 13:43:20,0.73952,True
0.73942,7580188,True,2021-11-13 03:00:35,0.73942,True
0.73906,7383051,True,2021-11-03 02:44:35,0.73906,True
0.73899,7327593,True,2021-11-15 11:22:27,0.73899,True
0.73892,7501518,True,2021-11-15 17:25:01,0.73892,True
0.73891,7265122,True,2021-10-24 17:19:15,0.73891,True
0.73838,7280117,True,2021-11-15 12:29:36,0.73838,True
0.73835,7259866,True,2021-11-15 15:35:26,0.73835,True
0.73815,7264372,True,2021-11-15 22:00:10,0.73815,True
0.73785,7665785,True,2021-11-15 18:39:45,0.73785,True
0.73784,7255110,True,2021-11-12 18:00:15,0.73784,True
0.73770,7570114,True,2021-11-15 17:31:34,0.73770,True
0.73758,7263960,True,2021-10-08 10:15:26,0.73758,True
0.73749,7257479,True,2021-11-11 19:21:48,0.73749,True
0.73748,7486702,True,2021-11-15 18:57:29,0.73748,True
0.73736,7297516,True,2021-11-14 07:56:34,0.73736,True
0.73726,7324089,True,2021-11-15 18:54:43,0.73726,True
0.73726,7262887,True,2021-11-03 12:17:04,0.73726,True
0.73726,7687808,True,2021-11-15 01:13:45,0.73726,True
0.73726,7265940,True,2021-11-13 04:20:38,0.73726,True
0.73725,7387798,True,2021-09-08 08:52:04,0.73725,True
0.73725,7387796,True,2021-09-06 15:00:16,0.73725,True
0.73725,7387814,True,2021-09-06 16:34:08,0.73725,True
0.73725,7256580,True,2021-09-07 00:50:23,0.73725,True
0.73725,7259451,True,2021-09-14 14:04:30,0.73725,True
0.73725,7268079,True,2021-10-26 16:52:21,0.73725,True
0.73725,7366195,True,2021-09-07 09:59:55,0.73725,True
0.73725,7378320,True,2021-09-07 17:20:34,0.73725,True
0.73725,7391611,True,2021-09-22 09:21:32,0.73725,True
0.73725,7255348,True,2021-09-13 05:37:26,0.73725,True
0.73725,7354752,True,2021-10-13 01:48:06,0.73725,True
0.73725,7272379,True,2021-09-07 20:38:03,0.73725,True
0.73725,7326091,True,2021-11-03 04:13:18,0.73725,True
0.73725,7398848,True,2021-11-15 19:20:15,0.73725,True
0.73725,7253959,True,2021-11-14 16:54:33,0.73725,True
0.73725,7384001,True,2021-09-10 02:29:54,0.73725,True
0.73725,7259375,True,2021-09-18 15:09:39,0.73725,True
0.73725,7253398,True,2021-09-09 19:54:33,0.73725,True
0.73725,7401723,True,2021-09-14 12:09:51,0.73725,True
0.73725,7289311,True,2021-09-13 02:17:03,0.73725,True
0.73725,7395066,True,2021-09-12 09:30:45,0.73725,True
0.73725,7372963,True,2021-09-13 00:40:12,0.73725,True
0.73725,7380308,True,2021-10-06 05:05:57,0.73725,True
0.73725,7426627,True,2021-09-16 11:17:33,0.73725,True
0.73725,7270219,True,2021-11-09 06:25:51,0.73725,True
0.73725,7269551,True,2021-09-17 12:20:02,0.73725,True
0.73725,7261790,True,2021-09-22 17:52:37,0.73725,True
0.73725,7302969,True,2021-09-18 04:57:20,0.73725,True
0.73725,7323693,True,2021-09-30 09:26:01,0.73725,True
0.73725,7407174,True,2021-10-10 13:51:09,0.73725,True
0.73725,7436952,True,2021-09-19 01:57:27,0.73725,True
0.73725,7299317,True,2021-09-19 07:49:29,0.73725,True
0.73725,7351228,True,2021-09-19 18:04:51,0.73725,True
0.73725,7274311,True,2021-09-27 12:03:16,0.73725,True
0.73725,7465955,True,2021-09-26 07:58:22,0.73725,True
0.73725,7450909,True,2021-09-25 16:43:27,0.73725,True
0.73725,7369083,True,2021-10-29 06:56:33,0.73725,True
0.73725,7498212,True,2021-10-02 10:16:56,0.73725,True
0.73725,7276698,True,2021-10-10 10:41:05,0.73725,True
0.73725,7574352,True,2021-11-11 09:06:17,0.73725,True
0.73725,7586447,True,2021-10-20 15:12:58,0.73725,True
0.73725,7254956,True,2021-11-11 13:08:31,0.73725,True
0.73725,7260811,True,2021-11-07 00:05:26,0.73725,True
0.73725,7550765,True,2021-10-31 18:32:16,0.73725,True
0.73725,7432370,True,2021-11-11 02:06:33,0.73725,True
0.73725,7470564,True,2021-11-02 15:50:38,0.73725,True
0.73725,7397608,True,2021-11-15 06:42:49,0.73725,True
0.73725,7665313,True,2021-11-09 16:47:47,0.73725,True
0.73725,7259006,True,2021-11-05 17:32:47,0.73725,True
0.73725,7276762,True,2021-11-08 07:02:23,0.73725,True
0.73725,7687260,True,2021-11-08 15:27:21,0.73725,True
0.73725,7670930,True,2021-11-11 01:46:09,0.73725,True
0.73725,7317064,True,2021-11-09 04:49:52,0.73725,True
0.73725,7352394,True,2021-11-09 11:21:55,0.73725,True
0.73725,7260592,True,2021-11-10 04:51:24,0.73725,True
0.73725,7675790,True,2021-11-13 12:17:30,0.73725,True
0.73725,7264571,True,2021-11-14 14:58:46,0.73725,True
0.73725,7627501,True,2021-11-15 10:10:48,0.73725,True
0.73718,7605864,True,2021-11-04 12:36:24,0.73718,True
0.73718,7670242,True,2021-11-08 08:56:45,0.73718,True
0.73718,7650231,True,2021-11-06 12:09:11,0.73718,True
0.73718,7316660,True,2021-11-11 20:19:44,0.73718,True
0.73718,7343959,True,2021-11-09 12:49:28,0.73718,True
0.73718,7269681,True,2021-11-12 12:32:08,0.73718,True
0.73718,7650872,True,2021-11-15 23:39:21,0.73718,True
0.73696,7562938,True,2021-11-14 23:55:55,0.73696,True
0.73694,7604797,True,2021-11-10 10:58:55,0.73694,True
0.73691,7270221,True,2021-09-04 16:43:00,0.73691,True
0.73688,7441354,True,2021-09-20 14:09:42,0.73688,True
0.73676,7410129,True,2021-11-15 04:22:41,0.73676,True
0.73667,7252751,True,2021-09-28 04:16:05,0.73667,True
0.73654,7413903,True,2021-11-14 15:04:56,0.73654,True
0.73644,7408304,True,2021-10-21 20:33:59,0.73644,True
0.73643,7264796,True,2021-11-11 05:38:01,0.73643,True
0.73643,7539061,True,2021-10-11 07:09:37,0.73643,True
0.73609,7261150,True,2021-10-04 06:15:29,0.73609,True
0.73593,7315064,True,2021-09-29 03:33:02,0.73593,True
0.73593,7406425,True,2021-09-11 09:33:00,0.73593,True
0.73593,7257059,True,2021-11-15 12:18:06,0.73593,True
0.73593,7251262,True,2021-09-23 13:39:43,0.73593,True
0.73593,7301428,True,2021-11-14 06:26:40,0.73593,True
0.73593,7409985,True,2021-09-28 00:14:16,0.73593,True
0.73593,7260061,True,2021-09-28 09:32:29,0.73593,True
0.73593,7380692,True,2021-09-12 19:01:39,0.73593,True
0.73593,7280224,True,2021-10-15 13:32:22,0.73593,True
0.73593,7351603,True,2021-09-12 21:15:43,0.73593,True
0.73593,7414088,True,2021-09-13 13:51:08,0.73593,True
0.73593,7282640,True,2021-10-17 21:56:13,0.73593,True
0.73593,7305382,True,2021-10-01 11:05:26,0.73593,True
0.73593,7412970,True,2021-09-14 06:44:27,0.73593,True
0.73593,7310867,True,2021-09-14 21:40:27,0.73593,True
0.73593,7421333,True,2021-09-15 04:26:35,0.73593,True
0.73593,7149077,True,2021-10-18 04:05:18,0.73593,True
0.73593,7422275,True,2021-09-15 08:14:12,0.73593,True
0.73593,7421472,True,2021-09-18 06:14:37,0.73593,True
0.73593,7255533,True,2021-10-05 06:49:01,0.73593,True
0.73593,7291283,True,2021-09-23 02:43:13,0.73593,True
0.73593,7409372,True,2021-09-23 05:22:40,0.73593,True
0.73593,7270054,True,2021-09-17 11:23:24,0.73593,True
0.73593,7402918,True,2021-09-19 06:48:22,0.73593,True
0.73593,7435151,True,2021-10-01 07:34:42,0.73593,True
0.73593,7352601,True,2021-11-08 07:34:07,0.73593,True
0.73593,7260500,True,2021-09-24 23:04:12,0.73593,True
0.73593,7268751,True,2021-10-06 06:23:02,0.73593,True
0.73593,7675287,True,2021-11-15 11:07:59,0.73593,True
0.73577,7393597,True,2021-11-02 08:17:47,0.73577,True
0.73568,7252031,True,2021-11-11 13:52:44,0.73568,True
0.73562,7688309,True,2021-11-15 14:57:18,0.73562,True
0.73538,7623276,True,2021-11-15 10:18:17,0.73538,True
0.73536,7273131,True,2021-08-27 12:32:19,0.73536,True
0.73533,7251966,True,2021-11-06 07:46:25,0.73533,True
0.73528,7598412,True,2021-11-15 10:33:27,0.73528,True
0.73528,7252187,True,2021-11-15 18:10:20,0.73528,True
0.73500,7663809,True,2021-11-15 21:20:00,0.73500,True
0.73499,7661569,True,2021-11-15 20:24:25,0.73499,True
0.73488,7255648,True,2021-09-19 07:34:34,0.73488,True
0.73482,7555741,True,2021-11-15 23:56:18,0.73482,True
0.73479,7277322,True,2021-11-15 13:53:10,0.73479,True
0.73449,7435353,True,2021-11-14 08:10:35,0.73449,True
0.73430,7590792,True,2021-11-13 00:21:33,0.73430,True
0.73418,7407377,True,2021-11-15 14:56:00,0.73418,True
0.73417,7353197,True,2021-11-12 03:40:11,0.73417,True
0.73412,7520440,True,2021-11-10 17:05:44,0.73412,True
0.73408,7637255,True,2021-11-13 22:47:23,0.73408,True
0.73407,7257668,True,2021-10-31 09:02:09,0.73407,True
0.73402,7436270,True,2021-11-15 14:50:02,0.73402,True
0.73382,7621783,True,2021-11-15 16:40:46,0.73382,True
0.73381,7251853,True,2021-11-15 11:18:16,0.73381,True
0.73362,7256252,True,2021-09-23 03:27:39,0.73362,True
0.73362,7553290,True,2021-11-08 10:09:45,0.73362,True
0.73356,7276387,True,2021-11-15 12:22:04,0.73356,True
0.73353,7360599,True,2021-11-15 07:42:47,0.73353,True
0.73343,7252826,True,2021-11-15 16:05:30,0.73343,True
0.73341,7279284,True,2021-11-15 06:57:53,0.73341,True
0.73339,7361709,True,2021-10-14 07:03:59,0.73339,True
0.73338,7675917,True,2021-11-14 11:25:29,0.73338,True
0.73333,7267109,True,2021-11-14 10:31:59,0.73333,True
0.73326,7390425,True,2021-11-15 19:46:59,0.73326,True
0.73313,7622667,True,2021-11-06 10:25:15,0.73313,True
0.73307,7680539,True,2021-11-15 19:17:30,0.73307,True
0.73303,7664274,True,2021-11-11 17:47:57,0.73303,True
0.73292,7253594,True,2021-11-15 19:51:06,0.73292,True
0.73292,7362714,True,2021-10-11 08:35:56,0.73292,True
0.73292,7340719,True,2021-11-15 10:47:23,0.73292,True
0.73289,7272437,True,2021-09-07 08:32:33,0.73289,True
0.73289,7336938,True,2021-08-26 09:02:31,0.73289,True
0.73289,7265013,True,2021-11-10 06:58:30,0.73289,True
0.73289,7278461,True,2021-08-27 07:49:56,0.73289,True
0.73289,7294160,True,2021-10-17 01:28:58,0.73289,True
0.73289,7324988,True,2021-08-26 17:15:08,0.73289,True
0.73289,7267437,True,2021-08-26 19:21:53,0.73289,True
0.73289,7261008,True,2021-08-27 11:57:26,0.73289,True
0.73289,7347927,True,2021-08-27 21:55:36,0.73289,True
0.73289,7276541,True,2021-08-31 05:23:04,0.73289,True
0.73289,7335839,True,2021-08-28 10:17:44,0.73289,True
0.73289,7350837,True,2021-08-28 18:19:25,0.73289,True
0.73289,7351007,True,2021-09-16 06:35:13,0.73289,True
0.73289,7349630,True,2021-08-30 16:57:46,0.73289,True
0.73289,7359224,True,2021-08-31 00:28:43,0.73289,True
0.73289,7309354,True,2021-09-01 13:46:48,0.73289,True
0.73289,7274341,True,2021-09-30 07:48:26,0.73289,True
0.73289,7371944,True,2021-09-02 16:15:39,0.73289,True
0.73289,7278498,True,2021-09-03 14:34:50,0.73289,True
0.73289,7303291,True,2021-10-24 18:45:37,0.73289,True
0.73289,7260748,True,2021-09-04 07:00:23,0.73289,True
0.73289,7320878,True,2021-09-04 09:07:17,0.73289,True
0.73289,7346842,True,2021-09-05 15:17:21,0.73289,True
0.73289,7260366,True,2021-09-06 13:01:45,0.73289,True
0.73289,7396619,True,2021-09-08 16:24:38,0.73289,True
0.73289,7360795,True,2021-09-16 11:34:37,0.73289,True
0.73289,7276202,True,2021-10-10 23:39:23,0.73289,True
0.73289,7375828,True,2021-10-05 16:41:35,0.73289,True
0.73289,7457796,True,2021-10-08 09:10:12,0.73289,True
0.73289,7598124,True,2021-11-13 01:39:33,0.73289,True
0.73289,7274790,True,2021-11-14 15:12:48,0.73289,True
0.73279,7593086,True,2021-10-27 11:41:40,0.73279,True
0.73278,7380283,True,2021-11-15 10:12:24,0.73278,True
0.73269,7370892,True,2021-11-05 13:34:55,0.73269,True
0.73251,7672571,True,2021-11-13 06:03:27,0.73251,True
0.73235,7670812,True,2021-11-15 07:42:59,0.73235,True
0.73234,7403318,True,2021-11-15 14:59:05,0.73234,True
0.73222,7523788,True,2021-11-13 09:22:04,0.73222,True
0.73212,7388700,True,2021-10-19 18:10:50,0.73212,True
0.73197,7267483,True,2021-11-15 12:53:29,0.73197,True
0.73186,7628581,True,2021-11-15 15:55:40,0.73186,True
0.73181,7430689,True,2021-11-13 14:55:44,0.73181,True
0.73178,7336562,True,2021-10-15 15:09:15,0.73178,True
0.73178,7264549,True,2021-11-15 19:23:16,0.73178,True
0.73177,7261970,True,2021-09-06 07:20:06,0.73177,True
0.73151,7545952,True,2021-10-12 15:28:08,0.73151,True
0.73147,7311521,True,2021-11-14 20:33:02,0.73147,True
0.73121,7495431,True,2021-11-15 14:56:20,0.73121,True
0.73118,7435651,True,2021-11-15 13:59:28,0.73118,True
0.73114,7272733,True,2021-11-15 19:03:15,0.73114,True
0.73112,7433268,True,2021-11-14 21:17:41,0.73112,True
0.73111,7332212,True,2021-11-15 11:35:47,0.73111,True
0.73109,7658016,True,2021-11-15 01:39:17,0.73109,True
0.73105,7658048,True,2021-11-03 09:36:08,0.73105,True
0.73105,7649582,True,2021-11-15 16:20:53,0.73105,True
0.73104,7275963,True,2021-11-15 09:09:53,0.73104,True
0.73100,7504546,True,2021-11-10 05:22:13,0.73100,True
0.73100,7505331,True,2021-11-15 04:55:40,0.73100,True
0.73100,7467169,True,2021-11-15 06:35:52,0.73100,True
0.73099,7414865,True,2021-09-22 14:37:18,0.73099,True
0.73097,7315267,True,2021-11-15 16:11:30,0.73097,True
0.73095,7260081,True,2021-08-31 13:44:29,0.73095,True
0.73084,7274209,True,2021-11-15 10:02:05,0.73084,True
0.73078,7586341,True,2021-11-15 11:11:50,0.73078,True
0.73074,7621878,True,2021-10-28 11:38:35,0.73074,True
0.73073,7559972,True,2021-11-15 23:01:42,0.73073,True
0.73073,7330546,True,2021-11-15 12:48:33,0.73073,True
0.73071,7464207,True,2021-11-15 18:51:30,0.73071,True
0.73064,7419908,True,2021-11-15 07:33:48,0.73064,True
0.73061,7454936,True,2021-10-19 14:01:49,0.73061,True
0.73058,7259931,True,2021-10-16 14:53:49,0.73058,True
0.73047,7548816,True,2021-11-10 07:19:15,0.73047,True
0.73047,7268631,True,2021-10-31 07:19:57,0.73047,True
0.73032,7254913,True,2021-11-08 02:19:16,0.73032,True
0.73032,7259693,True,2021-11-15 13:46:43,0.73032,True
0.73030,7532840,True,2021-11-07 02:46:42,0.73030,True
0.73023,7594046,True,2021-11-15 18:41:58,0.73023,True
0.73023,7449318,True,2021-10-14 13:21:40,0.73023,True
0.73018,7254732,True,2021-10-26 20:28:12,0.73018,True
0.72990,7420703,True,2021-10-27 16:31:59,0.72990,True
0.72982,7676017,True,2021-11-15 10:17:01,0.72982,True
0.72982,7302910,True,2021-11-14 06:02:36,0.72982,True
0.72976,7325402,True,2021-11-15 14:26:24,0.72976,True
0.72975,7488135,True,2021-10-03 14:49:40,0.72975,True
0.72970,7253229,True,2021-11-15 18:03:41,0.72970,True
0.72968,7557353,True,2021-10-27 19:04:07,0.72968,True
0.72952,7250815,True,2021-11-11 22:24:30,0.72952,True
0.72943,7269482,True,2021-11-06 12:26:44,0.72943,True
0.72943,7364601,True,2021-11-15 18:43:42,0.72943,True
0.72941,7680505,True,2021-11-07 07:34:04,0.72941,True
0.72933,7423602,True,2021-11-14 13:47:23,0.72933,True
0.72923,7261059,True,2021-10-05 18:31:26,0.72923,True
0.72923,7319698,True,2021-09-25 08:37:08,0.72923,True
0.72923,7253358,True,2021-09-28 08:09:07,0.72923,True
0.72923,7412314,True,2021-10-08 01:08:45,0.72923,True
0.72919,7441100,True,2021-11-03 06:18:52,0.72919,True
0.72914,7457996,True,2021-11-15 14:21:40,0.72914,True
0.72913,7374147,True,2021-11-15 16:58:34,0.72913,True
0.72911,7688711,True,2021-11-15 16:43:18,0.72911,True
0.72906,7652956,True,2021-11-14 20:24:46,0.72906,True
0.72905,7667457,True,2021-11-15 15:42:55,0.72905,True
0.72905,7518578,True,2021-10-06 14:50:48,0.72905,True
0.72904,7253569,True,2021-09-03 02:24:06,0.72904,True
0.72893,7521028,True,2021-10-09 02:09:57,0.72893,True
0.72892,7253945,True,2021-10-14 02:00:29,0.72892,True
0.72891,7481604,True,2021-11-15 17:50:01,0.72891,True
0.72887,7619249,True,2021-11-05 14:12:29,0.72887,True
0.72884,7334435,True,2021-10-18 09:42:39,0.72884,True
0.72879,7392743,True,2021-11-14 12:14:09,0.72879,True
0.72879,7640103,True,2021-11-15 17:56:34,0.72879,True
0.72876,7340580,True,2021-11-15 04:38:10,0.72876,True
0.72863,7254809,True,2021-10-27 16:10:56,0.72863,True
0.72863,7254751,True,2021-11-15 12:51:09,0.72863,True
0.72860,7687262,True,2021-11-08 11:12:42,0.72860,True
0.72859,7340684,True,2021-11-15 11:11:24,0.72859,True
0.72852,7432067,True,2021-09-17 13:33:15,0.72852,True
0.72840,7581846,True,2021-11-15 05:22:53,0.72840,True
0.72831,7321730,True,2021-11-15 20:50:01,0.72831,True
0.72829,7321407,True,2021-10-05 05:41:09,0.72829,True
0.72829,7641444,True,2021-11-15 16:41:30,0.72829,True
0.72829,7655381,True,2021-11-15 15:33:58,0.72829,True
0.72817,7376283,True,2021-11-15 11:25:30,0.72817,True
0.72815,7619522,True,2021-11-15 21:08:55,0.72815,True
0.72804,7618475,True,2021-11-15 20:01:41,0.72804,True
0.72802,7328247,True,2021-11-12 00:40:41,0.72802,True
0.72800,7252677,True,2021-10-12 12:53:41,0.72800,True
0.72795,7251675,True,2021-08-26 09:12:46,0.72795,True
0.72795,7314063,True,2021-11-15 07:51:22,0.72795,True
0.72793,7276173,True,2021-11-14 15:46:33,0.72793,True
0.72789,7550776,True,2021-11-15 11:44:43,0.72789,True
0.72782,7671690,True,2021-11-15 08:24:19,0.72782,True
0.72767,7626935,True,2021-11-15 11:09:54,0.72767,True
0.72762,7377690,True,2021-11-09 01:19:42,0.72762,True
0.72761,7350644,True,2021-11-15 13:12:25,0.72761,True
0.72756,7389073,True,2021-09-25 07:35:32,0.72756,True
0.72756,7340582,True,2021-11-13 09:13:08,0.72756,True
0.72756,7265418,True,2021-09-22 09:05:24,0.72756,True
0.72756,7319076,True,2021-09-26 10:24:32,0.72756,True
0.72756,7323299,True,2021-09-22 12:22:42,0.72756,True
0.72756,7444127,True,2021-09-22 12:37:47,0.72756,True
0.72756,7446353,True,2021-09-23 08:20:43,0.72756,True
0.72756,7352338,True,2021-09-24 05:54:22,0.72756,True
0.72756,7444335,True,2021-10-26 04:34:52,0.72756,True
0.72756,7257920,True,2021-10-23 17:16:24,0.72756,True
0.72756,7396943,True,2021-09-22 16:16:49,0.72756,True
0.72756,7257700,True,2021-10-12 15:06:03,0.72756,True
0.72756,7395856,True,2021-11-09 08:45:40,0.72756,True
0.72756,7357258,True,2021-11-11 18:05:59,0.72756,True
0.72756,7382339,True,2021-10-14 09:17:10,0.72756,True
0.72756,7258344,True,2021-11-15 19:47:35,0.72756,True
0.72756,7307571,True,2021-10-29 11:17:23,0.72756,True
0.72756,7405310,True,2021-09-23 00:12:04,0.72756,True
0.72756,7260351,True,2021-09-28 06:43:29,0.72756,True
0.72756,7260429,True,2021-09-28 14:39:00,0.72756,True
0.72756,7267409,True,2021-10-29 02:52:06,0.72756,True
0.72756,7446371,True,2021-10-20 21:52:56,0.72756,True
0.72756,7299166,True,2021-09-27 06:10:30,0.72756,True
0.72756,7431773,True,2021-09-25 07:49:09,0.72756,True
0.72756,7445932,True,2021-09-25 11:53:14,0.72756,True
0.72756,7462531,True,2021-09-26 08:35:21,0.72756,True
0.72756,7279443,True,2021-09-25 11:11:05,0.72756,True
0.72756,7368305,True,2021-09-25 13:27:36,0.72756,True
0.72756,7419139,True,2021-09-26 08:08:23,0.72756,True
0.72756,7441051,True,2021-09-25 14:45:10,0.72756,True
0.72756,7362530,True,2021-09-25 22:23:45,0.72756,True
0.72756,7397837,True,2021-09-26 06:27:03,0.72756,True
0.72756,7436065,True,2021-10-09 10:09:08,0.72756,True
0.72756,7262235,True,2021-10-31 10:11:04,0.72756,True
0.72756,7468904,True,2021-10-10 07:14:25,0.72756,True
0.72756,7434602,True,2021-09-26 11:02:32,0.72756,True
0.72756,7366087,True,2021-11-01 10:47:22,0.72756,True
0.72756,7252876,True,2021-11-13 09:09:04,0.72756,True
0.72756,7353881,True,2021-09-26 13:09:05,0.72756,True
0.72756,7308993,True,2021-11-09 09:00:41,0.72756,True
0.72756,7470846,True,2021-09-26 20:17:59,0.72756,True
0.72756,7399870,True,2021-11-13 02:25:27,0.72756,True
0.72756,7327024,True,2021-10-10 17:17:29,0.72756,True
0.72756,7323332,True,2021-09-27 16:24:27,0.72756,True
0.72756,7275973,True,2021-09-27 18:33:15,0.72756,True
0.72756,7448885,True,2021-09-27 23:36:17,0.72756,True
0.72756,7435937,True,2021-09-29 16:58:06,0.72756,True
0.72756,7318747,True,2021-10-24 08:50:41,0.72756,True
0.72756,7479813,True,2021-09-28 13:25:48,0.72756,True
0.72756,7357673,True,2021-09-28 14:07:12,0.72756,True
0.72756,7266134,True,2021-11-15 15:14:52,0.72756,True
0.72756,7258309,True,2021-09-28 18:56:12,0.72756,True
0.72756,7482308,True,2021-09-29 01:48:58,0.72756,True
0.72756,7258460,True,2021-09-29 05:16:04,0.72756,True
0.72756,7463619,True,2021-09-29 07:57:49,0.72756,True
0.72756,7478879,True,2021-10-15 19:51:51,0.72756,True
0.72756,7251322,True,2021-09-29 15:16:27,0.72756,True
0.72756,7255691,True,2021-09-29 20:24:36,0.72756,True
0.72756,7487732,True,2021-10-28 10:40:32,0.72756,True
0.72756,7266555,True,2021-09-30 07:17:36,0.72756,True
0.72756,7435655,True,2021-10-05 22:01:28,0.72756,True
0.72756,7490052,True,2021-11-11 03:28:22,0.72756,True
0.72756,7437135,True,2021-10-01 10:16:28,0.72756,True
0.72756,7495920,True,2021-10-01 18:26:47,0.72756,True
0.72756,7257726,True,2021-10-01 18:45:43,0.72756,True
0.72756,7378702,True,2021-11-15 14:43:44,0.72756,True
0.72756,7274168,True,2021-11-04 12:33:34,0.72756,True
0.72756,7315674,True,2021-10-02 09:17:19,0.72756,True
0.72756,7496677,True,2021-10-22 05:26:26,0.72756,True
0.72756,7297793,True,2021-10-02 12:16:34,0.72756,True
0.72756,7345684,True,2021-10-02 13:33:30,0.72756,True
0.72756,7489095,True,2021-10-03 06:03:00,0.72756,True
0.72756,7501443,True,2021-10-03 06:33:54,0.72756,True
0.72756,7502327,True,2021-10-03 11:42:02,0.72756,True
0.72756,7502861,True,2021-10-03 14:00:50,0.72756,True
0.72756,7503498,True,2021-10-23 23:40:01,0.72756,True
0.72756,7484726,True,2021-10-04 01:08:00,0.72756,True
0.72756,7508723,True,2021-10-05 14:40:54,0.72756,True
0.72756,7265501,True,2021-10-05 05:55:29,0.72756,True
0.72756,7293493,True,2021-10-05 09:21:23,0.72756,True
0.72756,7306799,True,2021-11-15 07:31:15,0.72756,True
0.72756,7512827,True,2021-11-10 02:47:35,0.72756,True
0.72756,7512056,True,2021-11-12 23:08:32,0.72756,True
0.72756,7514251,True,2021-10-05 18:20:17,0.72756,True
0.72756,7257645,True,2021-10-05 20:00:40,0.72756,True
0.72756,7500529,True,2021-10-06 16:34:00,0.72756,True
0.72756,7515807,True,2021-10-06 02:23:56,0.72756,True
0.72756,7382967,True,2021-10-08 13:10:28,0.72756,True
0.72756,7360010,True,2021-11-15 09:30:05,0.72756,True
0.72756,7519064,True,2021-10-06 16:04:28,0.72756,True
0.72756,7522292,True,2021-10-07 09:25:38,0.72756,True
0.72756,7311096,True,2021-10-08 03:50:00,0.72756,True
0.72756,7448235,True,2021-10-08 05:15:35,0.72756,True
0.72756,7264172,True,2021-10-12 07:11:30,0.72756,True
0.72756,7457159,True,2021-11-04 21:06:06,0.72756,True
0.72756,7347254,True,2021-10-09 13:41:22,0.72756,True
0.72756,7526962,True,2021-11-14 15:53:41,0.72756,True
0.72756,7323091,True,2021-10-10 14:18:49,0.72756,True
0.72756,7314610,True,2021-10-12 13:16:41,0.72756,True
0.72756,7531490,True,2021-10-16 09:05:28,0.72756,True
0.72756,7275093,True,2021-10-09 08:29:35,0.72756,True
0.72756,7532632,True,2021-11-09 15:09:47,0.72756,True
0.72756,7523135,True,2021-11-15 21:24:25,0.72756,True
0.72756,7454764,True,2021-10-11 03:43:15,0.72756,True
0.72756,7360003,True,2021-10-12 01:10:52,0.72756,True
0.72756,7543761,True,2021-10-12 05:55:14,0.72756,True
0.72756,7344798,True,2021-10-13 06:58:06,0.72756,True
0.72756,7479902,True,2021-10-18 11:28:31,0.72756,True
0.72756,7500263,True,2021-10-13 21:18:51,0.72756,True
0.72756,7552753,True,2021-10-13 23:00:52,0.72756,True
0.72756,7550267,True,2021-11-15 01:16:30,0.72756,True
0.72756,7553794,True,2021-10-14 04:25:03,0.72756,True
0.72756,7263602,True,2021-10-14 07:25:58,0.72756,True
0.72756,7508011,True,2021-11-15 22:53:35,0.72756,True
0.72756,7536544,True,2021-11-15 09:18:03,0.72756,True
0.72756,7480625,True,2021-10-14 16:33:33,0.72756,True
0.72756,7559703,True,2021-10-15 07:49:24,0.72756,True
0.72756,7556369,True,2021-10-15 08:17:47,0.72756,True
0.72756,7328574,True,2021-10-16 12:18:05,0.72756,True
0.72756,7567460,True,2021-10-17 01:26:18,0.72756,True
0.72756,7260566,True,2021-10-17 10:52:36,0.72756,True
0.72756,7570326,True,2021-10-18 09:31:24,0.72756,True
0.72756,7570660,True,2021-11-04 16:46:00,0.72756,True
0.72756,7473066,True,2021-10-18 09:24:45,0.72756,True
0.72756,7575293,True,2021-11-13 11:58:57,0.72756,True
0.72756,7546762,True,2021-11-15 23:57:26,0.72756,True
0.72756,7553610,True,2021-10-19 07:15:21,0.72756,True
0.72756,7324123,True,2021-10-19 05:33:19,0.72756,True
0.72756,7579704,True,2021-10-20 06:22:18,0.72756,True
0.72756,7311066,True,2021-10-19 17:52:50,0.72756,True
0.72756,7613450,True,2021-11-12 16:26:13,0.72756,True
0.72756,7586489,True,2021-10-20 15:01:28,0.72756,True
0.72756,7590392,True,2021-10-21 06:08:29,0.72756,True
0.72756,7589895,True,2021-11-09 01:52:10,0.72756,True
0.72756,7594102,True,2021-10-21 18:22:26,0.72756,True
0.72756,7594668,True,2021-10-30 04:56:11,0.72756,True
0.72756,7595930,True,2021-10-22 06:07:35,0.72756,True
0.72756,7382470,True,2021-11-09 07:48:42,0.72756,True
0.72756,7577295,True,2021-10-24 12:24:12,0.72756,True
0.72756,7481758,True,2021-10-23 04:32:38,0.72756,True
0.72756,7461128,True,2021-10-31 15:30:42,0.72756,True
0.72756,7595379,True,2021-11-01 02:05:49,0.72756,True
0.72756,7460259,True,2021-10-24 06:50:09,0.72756,True
0.72756,7483343,True,2021-11-11 08:25:30,0.72756,True
0.72756,7606357,True,2021-10-24 15:09:39,0.72756,True
0.72756,7259654,True,2021-11-13 17:16:42,0.72756,True
0.72756,7606503,True,2021-10-24 17:58:20,0.72756,True
0.72756,7608894,True,2021-11-01 08:29:15,0.72756,True
0.72756,7256681,True,2021-10-25 12:28:02,0.72756,True
0.72756,7610902,True,2021-10-25 13:51:56,0.72756,True
0.72756,7320343,True,2021-11-15 19:11:29,0.72756,True
0.72756,7339923,True,2021-11-15 19:52:47,0.72756,True
0.72756,7311997,True,2021-11-05 02:14:00,0.72756,True
0.72756,7626978,True,2021-10-26 09:02:17,0.72756,True
0.72756,7616565,True,2021-10-26 13:26:29,0.72756,True
0.72756,7487547,True,2021-10-26 13:33:10,0.72756,True
0.72756,7261239,True,2021-10-26 15:13:02,0.72756,True
0.72756,7617910,True,2021-10-26 18:22:59,0.72756,True
0.72756,7265780,True,2021-10-27 04:19:21,0.72756,True
0.72756,7428505,True,2021-10-26 20:26:04,0.72756,True
0.72756,7618416,True,2021-10-27 12:13:12,0.72756,True
0.72756,7617816,True,2021-10-27 00:50:38,0.72756,True
0.72756,7278522,True,2021-10-27 01:21:05,0.72756,True
0.72756,7619350,True,2021-10-27 03:12:15,0.72756,True
0.72756,7311133,True,2021-10-27 06:46:09,0.72756,True
0.72756,7498763,True,2021-10-27 09:53:59,0.72756,True
0.72756,7445849,True,2021-11-14 17:59:44,0.72756,True
0.72756,7546509,True,2021-10-27 10:41:30,0.72756,True
0.72756,7622152,True,2021-10-27 21:32:40,0.72756,True
0.72756,7622359,True,2021-10-27 11:55:03,0.72756,True
0.72756,7619758,True,2021-10-29 06:16:02,0.72756,True
0.72756,7622795,True,2021-10-27 13:17:04,0.72756,True
0.72756,7623363,True,2021-10-27 15:45:33,0.72756,True
0.72756,7617568,True,2021-10-27 18:32:55,0.72756,True
0.72756,7604496,True,2021-10-27 22:06:01,0.72756,True
0.72756,7385039,True,2021-11-15 17:21:40,0.72756,True
0.72756,7627801,True,2021-11-01 22:30:22,0.72756,True
0.72756,7628102,True,2021-11-15 18:19:57,0.72756,True
0.72756,7628466,True,2021-11-09 21:58:31,0.72756,True
0.72756,7628527,True,2021-10-28 12:27:49,0.72756,True
0.72756,7620049,True,2021-10-28 13:37:14,0.72756,True
0.72756,7625981,True,2021-11-04 16:34:20,0.72756,True
0.72756,7545061,True,2021-11-03 11:59:52,0.72756,True
0.72756,7629164,True,2021-10-28 18:06:31,0.72756,True
0.72756,7572888,True,2021-10-29 02:21:30,0.72756,True
0.72756,7611303,True,2021-11-15 21:36:02,0.72756,True
0.72756,7413741,True,2021-11-13 09:16:50,0.72756,True
0.72756,7285649,True,2021-11-15 09:15:24,0.72756,True
0.72756,7634437,True,2021-10-29 17:21:04,0.72756,True
0.72756,7621888,True,2021-10-29 21:30:55,0.72756,True
0.72756,7635480,True,2021-10-30 00:47:58,0.72756,True
0.72756,7636544,True,2021-10-30 08:03:24,0.72756,True
0.72756,7637226,True,2021-10-30 11:45:10,0.72756,True
0.72756,7635634,True,2021-10-31 01:25:23,0.72756,True
0.72756,7580355,True,2021-11-03 12:05:18,0.72756,True
0.72756,7255504,True,2021-10-31 12:47:17,0.72756,True
0.72756,7642646,True,2021-11-01 01:16:38,0.72756,True
0.72756,7655475,True,2021-11-03 01:26:21,0.72756,True
0.72756,7381919,True,2021-11-03 04:59:01,0.72756,True
0.72756,7655008,True,2021-11-03 05:06:38,0.72756,True
0.72756,7656019,True,2021-11-13 05:45:13,0.72756,True
0.72756,7598390,True,2021-11-09 06:15:25,0.72756,True
0.72756,7428389,True,2021-11-03 12:47:57,0.72756,True
0.72756,7333299,True,2021-11-03 13:17:10,0.72756,True
0.72756,7339954,True,2021-11-14 09:35:22,0.72756,True
0.72756,7340638,True,2021-11-04 03:02:34,0.72756,True
0.72756,7619067,True,2021-11-09 04:03:35,0.72756,True
0.72756,7618631,True,2021-11-15 12:44:06,0.72756,True
0.72756,7667142,True,2021-11-11 16:57:14,0.72756,True
0.72756,7259486,True,2021-11-05 05:03:54,0.72756,True
0.72756,7671277,True,2021-11-05 08:35:04,0.72756,True
0.72756,7464093,True,2021-11-14 05:06:24,0.72756,True
0.72756,7628681,True,2021-11-13 01:59:45,0.72756,True
0.72756,7679769,True,2021-11-07 08:09:03,0.72756,True
0.72756,7681403,True,2021-11-07 11:29:06,0.72756,True
0.72756,7259367,True,2021-11-10 23:47:14,0.72756,True
0.72756,7336563,True,2021-11-14 12:56:38,0.72756,True
0.72756,7261779,True,2021-11-07 14:35:09,0.72756,True
0.72756,7679711,True,2021-11-15 22:22:01,0.72756,True
0.72756,7672732,True,2021-11-07 18:58:46,0.72756,True
0.72756,7567353,True,2021-11-15 22:34:57,0.72756,True
0.72756,7672004,True,2021-11-15 21:58:05,0.72756,True
0.72756,7335111,True,2021-11-15 18:38:58,0.72756,True
0.72756,7684578,True,2021-11-10 01:16:35,0.72756,True
0.72756,7263903,True,2021-11-08 08:53:11,0.72756,True
0.72756,7684980,True,2021-11-11 06:10:15,0.72756,True
0.72756,7618224,True,2021-11-08 12:56:46,0.72756,True
0.72756,7658072,True,2021-11-10 11:45:16,0.72756,True
0.72756,7459127,True,2021-11-15 12:27:30,0.72756,True
0.72756,7405564,True,2021-11-10 17:16:51,0.72756,True
0.72756,7390762,True,2021-11-11 09:02:04,0.72756,True
0.72756,7548205,True,2021-11-12 02:36:44,0.72756,True
0.72756,7261345,True,2021-11-09 09:34:38,0.72756,True
0.72756,7673667,True,2021-11-15 01:33:22,0.72756,True
0.72756,7250920,True,2021-11-09 14:35:18,0.72756,True
0.72756,7511990,True,2021-11-14 09:18:57,0.72756,True
0.72756,7282261,True,2021-11-11 12:23:16,0.72756,True
0.72756,7652614,True,2021-11-14 08:48:02,0.72756,True
0.72756,7268785,True,2021-11-12 19:49:11,0.72756,True
0.72756,7366433,True,2021-11-15 08:15:35,0.72756,True
0.72756,7632578,True,2021-11-13 02:49:27,0.72756,True
0.72756,7633837,True,2021-11-13 13:25:54,0.72756,True
0.72756,7306300,True,2021-11-13 20:14:48,0.72756,True
0.72756,7567717,True,2021-11-13 23:58:16,0.72756,True
0.72756,7685827,True,2021-11-14 01:27:39,0.72756,True
0.72756,7544614,True,2021-11-15 20:04:36,0.72756,True
0.72756,7571219,True,2021-11-15 19:48:28,0.72756,True
0.72756,7686332,True,2021-11-15 03:01:39,0.72756,True
0.72756,7260767,True,2021-11-15 07:20:16,0.72756,True
0.72756,7349183,True,2021-11-15 10:31:12,0.72756,True
0.72756,7513185,True,2021-11-15 14:37:01,0.72756,True
0.72756,7672324,True,2021-11-15 16:38:16,0.72756,True
0.72756,7491592,True,2021-11-15 18:34:17,0.72756,True
0.72756,7593715,True,2021-11-15 18:54:50,0.72756,True
0.72756,7678605,True,2021-11-15 19:10:55,0.72756,True
0.72756,7468965,True,2021-11-15 19:22:10,0.72756,True
0.72756,7268992,True,2021-11-15 21:48:04,0.72756,True
0.72754,7251824,True,2021-11-15 16:50:41,0.72754,True
0.72740,7354873,True,2021-11-09 06:01:25,0.72740,True
0.72731,7664966,True,2021-11-08 01:26:01,0.72731,True
0.72718,7497387,True,2021-10-21 04:32:56,0.72718,True
0.72708,7441541,True,2021-11-13 15:40:52,0.72708,True
0.72689,7617018,True,2021-11-14 03:55:26,0.72689,True
0.72688,7676075,True,2021-11-13 18:30:47,0.72688,True
0.72687,7626451,True,2021-11-15 06:40:59,0.72687,True
0.72677,7252584,True,2021-11-15 19:52:20,0.72677,True
0.72673,7665874,True,2021-11-15 17:56:11,0.72673,True
0.72665,7281784,True,2021-11-15 08:09:34,0.72665,True
0.72658,7309926,True,2021-10-18 15:20:05,0.72658,True
0.72658,7361804,True,2021-11-15 15:07:04,0.72658,True
0.72636,7416415,True,2021-09-22 15:18:35,0.72636,True
0.72636,7440693,True,2021-09-21 07:45:27,0.72636,True
0.72636,7459929,True,2021-09-24 11:37:21,0.72636,True
0.72636,7379607,True,2021-10-12 04:46:59,0.72636,True
0.72636,7628701,True,2021-11-14 12:54:53,0.72636,True
0.72626,7688664,True,2021-11-15 16:05:20,0.72626,True
0.72607,7666746,True,2021-11-07 08:54:14,0.72607,True
0.72602,7278187,True,2021-11-15 13:00:31,0.72602,True
0.72596,7264822,True,2021-11-15 21:16:57,0.72596,True
0.72593,7325658,True,2021-08-27 10:13:43,0.72593,True
0.72584,7407098,True,2021-11-15 13:30:49,0.72584,True
0.72540,7259150,True,2021-11-15 16:49:44,0.72540,True
0.72529,7503593,True,2021-10-03 23:52:42,0.72529,True
0.72517,7348406,True,2021-11-15 08:54:00,0.72517,True
0.72511,7265775,True,2021-08-31 16:49:21,0.72511,True
0.72485,7346289,True,2021-11-13 03:42:41,0.72485,True
0.72482,7289098,True,2021-11-15 19:18:41,0.72482,True
0.72480,7672791,True,2021-11-13 17:45:45,0.72480,True
0.72464,7530235,True,2021-10-10 02:39:09,0.72464,True
0.72460,7646181,True,2021-11-15 21:58:23,0.72460,True
0.72459,7667200,True,2021-11-15 17:56:32,0.72459,True
0.72434,7298690,True,2021-08-27 08:36:58,0.72434,True
0.72401,7277263,True,2021-10-03 22:57:53,0.72401,True
0.72401,7445850,True,2021-10-24 03:18:57,0.72401,True
0.72401,7252066,True,2021-10-07 12:33:29,0.72401,True
0.72401,7517971,True,2021-10-08 07:02:26,0.72401,True
0.72384,7281171,True,2021-08-17 23:15:25,0.72384,True
0.72377,7252658,True,2021-10-08 07:51:24,0.72377,True
0.72377,7305798,True,2021-08-18 22:21:33,0.72377,True
0.72377,7307226,True,2021-08-19 05:37:17,0.72377,True
0.72377,7253795,True,2021-08-19 07:01:07,0.72377,True
0.72377,7306752,True,2021-08-19 09:40:23,0.72377,True
0.72377,7309234,True,2021-08-19 12:08:23,0.72377,True
0.72377,7309994,True,2021-09-04 08:32:00,0.72377,True
0.72377,7273212,True,2021-08-19 16:18:53,0.72377,True
0.72377,7261349,True,2021-09-14 05:57:48,0.72377,True
0.72377,7253970,True,2021-08-20 15:33:39,0.72377,True
0.72377,7293545,True,2021-08-21 13:49:37,0.72377,True
0.72377,7316760,True,2021-08-21 13:59:53,0.72377,True
0.72377,7320562,True,2021-08-22 05:57:15,0.72377,True
0.72377,7265097,True,2021-08-24 06:49:15,0.72377,True
0.72377,7285929,True,2021-08-24 07:03:25,0.72377,True
0.72377,7303014,True,2021-08-28 01:18:35,0.72377,True
0.72377,7382723,True,2021-09-05 07:46:23,0.72377,True
0.72377,7361427,True,2021-09-07 02:47:36,0.72377,True
0.72377,7463244,True,2021-09-25 03:37:51,0.72377,True
0.72377,7467990,True,2021-10-08 19:13:23,0.72377,True
0.72377,7521776,True,2021-10-08 03:34:31,0.72377,True
0.72377,7521803,True,2021-10-08 03:58:25,0.72377,True
0.72377,7521804,True,2021-10-08 05:40:41,0.72377,True
0.72377,7333656,True,2021-10-28 13:00:41,0.72377,True
0.72377,7263636,True,2021-11-06 18:08:38,0.72377,True
0.72377,7454545,True,2021-10-30 10:58:03,0.72377,True
0.72377,7640199,True,2021-11-06 06:08:50,0.72377,True
0.72377,7324724,True,2021-11-02 06:34:10,0.72377,True
0.72377,7506249,True,2021-11-04 11:56:29,0.72377,True
0.72377,7314650,True,2021-11-15 00:22:58,0.72377,True
0.72363,7311792,True,2021-11-10 17:07:02,0.72363,True
0.72344,7313108,True,2021-11-15 12:09:19,0.72344,True
0.72340,7672807,True,2021-11-10 13:38:50,0.72340,True
0.72326,7676725,True,2021-11-15 16:22:44,0.72326,True
0.72324,7263036,True,2021-11-15 09:58:47,0.72324,True
0.72319,7679904,True,2021-11-14 11:05:33,0.72319,True
0.72318,7251746,True,2021-08-20 05:49:10,0.72318,True
0.72317,7518056,True,2021-11-04 16:00:25,0.72317,True
0.72312,7427133,True,2021-10-04 16:17:56,0.72312,True
0.72292,7534599,True,2021-11-15 11:33:40,0.72292,True
0.72292,7559701,True,2021-10-15 07:49:49,0.72292,True
0.72292,7264526,True,2021-10-18 18:32:23,0.72292,True
0.72292,7568404,True,2021-10-17 06:20:48,0.72292,True
0.72292,7363494,True,2021-10-18 12:23:54,0.72292,True
0.72286,7440056,True,2021-11-09 01:01:39,0.72286,True
0.72280,7275602,True,2021-10-17 11:11:50,0.72280,True
0.72265,7255032,True,2021-08-21 16:51:31,0.72265,True
0.72240,7441379,True,2021-10-10 15:29:42,0.72240,True
0.72239,7334139,True,2021-10-19 07:09:43,0.72239,True
0.72232,7292112,True,2021-11-08 21:12:29,0.72232,True
0.72224,7408265,True,2021-10-20 07:39:35,0.72224,True
0.72218,7335859,True,2021-11-15 13:17:12,0.72218,True
0.72216,7254527,True,2021-08-27 06:40:11,0.72216,True
0.72210,7261278,True,2021-09-27 08:12:57,0.72210,True
0.72198,7253999,True,2021-10-30 14:34:14,0.72198,True
0.72175,7260390,True,2021-11-09 08:17:36,0.72175,True
0.72159,7313737,True,2021-11-15 17:20:11,0.72159,True
0.72149,7666022,True,2021-11-15 15:46:25,0.72149,True
0.72133,7396837,True,2021-10-02 12:26:29,0.72133,True
0.72116,7329951,True,2021-11-15 11:11:31,0.72116,True
0.72057,7368497,True,2021-11-15 13:15:18,0.72057,True
0.72012,7264510,True,2021-11-15 13:38:07,0.72012,True
0.71989,7379581,True,2021-10-27 12:06:24,0.71989,True
0.71961,7251030,True,2021-08-19 18:00:39,0.71961,True
0.71932,7321290,True,2021-08-22 21:40:53,0.71932,True
0.71923,7272831,True,2021-11-15 18:03:19,0.71923,True
0.71919,7574596,True,2021-10-18 10:54:33,0.71919,True
0.71891,7259647,True,2021-08-17 01:36:33,0.71891,True
0.71889,7627543,True,2021-11-14 20:40:52,0.71889,True
0.71869,7518213,True,2021-11-15 19:16:50,0.71869,True
0.71857,7306909,True,2021-11-13 21:36:03,0.71857,True
0.71852,7252293,True,2021-11-11 12:15:10,0.71852,True
0.71842,7269166,True,2021-09-03 15:16:46,0.71842,True
0.71838,7358450,True,2021-08-16 07:08:26,0.71838,True
0.71838,7279664,True,2021-08-16 11:37:48,0.71838,True
0.71838,7268832,True,2021-08-16 12:04:08,0.71838,True
0.71838,7251069,True,2021-08-16 18:06:01,0.71838,True
0.71838,7288820,True,2021-08-17 07:09:19,0.71838,True
0.71838,7292026,True,2021-08-17 14:39:42,0.71838,True
0.71838,7280401,True,2021-09-04 15:05:35,0.71838,True
0.71838,7254256,True,2021-08-20 19:09:54,0.71838,True
0.71838,7283157,True,2021-08-23 11:54:53,0.71838,True
0.71838,7213946,True,2021-08-25 22:50:30,0.71838,True
0.71829,7502006,True,2021-11-13 01:30:52,0.71829,True
0.71825,7261439,True,2021-11-01 11:45:46,0.71825,True
0.71810,7542752,True,2021-11-15 22:24:14,0.71810,True
0.71805,7623417,True,2021-11-13 14:48:14,0.71805,True
0.71788,7255556,True,2021-09-22 15:58:05,0.71788,True
0.71758,7256740,True,2021-09-20 02:53:49,0.71758,True
0.71708,7512054,True,2021-10-07 13:08:51,0.71708,True
0.71672,7363576,True,2021-09-12 06:18:06,0.71672,True
0.71656,7634111,True,2021-11-02 02:38:08,0.71656,True
0.71632,7642937,True,2021-11-07 05:50:17,0.71632,True
0.71566,7574319,True,2021-10-28 13:55:04,0.71566,True
0.71489,7253212,True,2021-11-12 21:06:41,0.71489,True
0.71436,7385617,True,2021-10-27 09:01:07,0.71436,True
0.71431,7290189,True,2021-08-20 08:55:42,0.71431,True
0.71424,7299425,True,2021-11-07 11:59:26,0.71424,True
0.71391,7419098,True,2021-11-15 19:51:10,0.71391,True
0.71381,7551193,True,2021-11-15 17:45:07,0.71381,True
0.71370,7250926,True,2021-10-23 02:18:41,0.71370,True
0.71335,7261510,True,2021-10-19 07:37:27,0.71335,True
0.71315,7385252,True,2021-10-25 15:49:30,0.71315,True
0.71241,7444121,True,2021-11-02 13:01:13,0.71241,True
0.71218,7348592,True,2021-11-15 19:01:29,0.71218,True
0.71207,7273806,True,2021-11-12 14:57:02,0.71207,True
0.71174,7626523,True,2021-11-09 02:29:43,0.71174,True
0.71103,7252773,True,2021-09-28 12:20:11,0.71103,True
0.71071,7284026,True,2021-08-30 11:24:59,0.71071,True
0.71070,7252659,True,2021-08-13 14:22:16,0.71070,True
0.71019,7269231,True,2021-08-28 04:59:37,0.71019,True
0.70996,7685426,True,2021-11-15 21:23:46,0.70996,True
0.70903,7265369,True,2021-08-19 16:21:35,0.70903,True
0.70901,7377540,True,2021-11-14 19:19:39,0.70901,True
0.70879,7593015,True,2021-11-12 22:29:02,0.70879,True
0.70876,7251730,True,2021-09-04 01:54:45,0.70876,True
0.70802,7629101,True,2021-11-14 23:37:03,0.70802,True
0.70791,7262117,True,2021-10-03 09:53:07,0.70791,True
0.70723,7391351,True,2021-09-24 11:32:19,0.70723,True
0.70712,7555005,True,2021-10-15 14:01:42,0.70712,True
0.70639,7261762,True,2021-10-10 01:00:45,0.70639,True
0.70618,7257346,True,2021-08-13 15:23:27,0.70618,True
0.70587,7549183,True,2021-10-19 19:21:05,0.70587,True
0.70566,7430637,True,2021-10-31 23:59:54,0.70566,True
0.70563,7262695,True,2021-08-19 20:03:45,0.70563,True
0.70540,7331265,True,2021-11-15 20:08:58,0.70540,True
0.70537,7268597,True,2021-11-15 07:08:15,0.70537,True
0.70454,7261493,True,2021-09-07 03:51:02,0.70454,True
0.70450,7617113,True,2021-11-13 20:00:56,0.70450,True
0.70439,7332831,True,2021-11-15 03:08:25,0.70439,True
0.70428,7322222,True,2021-09-02 12:24:53,0.70428,True
0.70398,7687326,True,2021-11-12 23:25:07,0.70398,True
0.70299,7282464,True,2021-11-13 20:36:04,0.70299,True
0.70239,7578764,True,2021-10-19 09:35:22,0.70239,True
0.70026,7255088,True,2021-08-24 17:21:12,0.70026,True
0.70019,7331159,True,2021-10-04 01:13:33,0.70019,True
0.70009,7325283,True,2021-10-20 16:51:51,0.70009,True
0.69964,7648427,True,2021-11-07 18:26:11,0.69964,True
0.69962,7614088,True,2021-11-12 18:35:00,0.69962,True
0.69962,7314811,True,2021-11-12 19:03:27,0.69962,True
0.69933,7261161,True,2021-08-17 05:16:58,0.69933,True
0.69831,7612399,True,2021-11-12 20:46:04,0.69831,True
0.69767,7251207,True,2021-08-30 11:46:58,0.69767,True
0.69745,7671291,True,2021-11-15 23:35:10,0.69745,True
0.69745,7326141,True,2021-08-23 13:15:59,0.69745,True
0.69679,7340752,True,2021-11-15 19:02:06,0.69679,True
0.69652,7261698,True,2021-08-15 17:39:08,0.69652,True
0.69600,7256886,True,2021-08-20 20:30:34,0.69600,True
0.69600,7502032,True,2021-11-13 22:18:14,0.69600,True
0.69573,7265713,True,2021-08-14 05:47:33,0.69573,True
0.69573,7269800,True,2021-08-14 07:43:19,0.69573,True
0.69573,7269761,True,2021-08-14 08:08:32,0.69573,True
0.69573,7272185,True,2021-11-10 15:47:41,0.69573,True
0.69573,7274466,True,2021-08-15 07:10:32,0.69573,True
0.69573,7254143,True,2021-08-18 05:33:44,0.69573,True
0.69573,7292643,True,2021-09-08 15:42:34,0.69573,True
0.69573,7254753,True,2021-08-18 13:43:32,0.69573,True
0.69573,7302762,True,2021-08-18 18:17:37,0.69573,True
0.69573,7315313,True,2021-08-20 15:23:15,0.69573,True
0.69573,7270838,True,2021-08-25 06:32:13,0.69573,True
0.69573,7269837,True,2021-08-24 22:07:03,0.69573,True
0.69573,7272117,True,2021-08-25 15:06:36,0.69573,True
0.69573,7300735,True,2021-08-26 06:10:59,0.69573,True
0.69573,7271119,True,2021-08-30 07:42:44,0.69573,True
0.69573,7254892,True,2021-09-07 19:12:55,0.69573,True
0.69573,7290091,True,2021-09-17 14:40:13,0.69573,True
0.69573,7410235,True,2021-09-19 10:05:37,0.69573,True
0.69573,7333690,True,2021-09-22 16:56:37,0.69573,True
0.69573,7456528,True,2021-09-23 20:08:34,0.69573,True
0.69573,7432933,True,2021-09-25 14:42:59,0.69573,True
0.69573,7257692,True,2021-09-28 01:18:16,0.69573,True
0.69573,7267094,True,2021-10-02 16:04:04,0.69573,True
0.69573,7490423,True,2021-10-07 15:56:44,0.69573,True
0.69573,7390394,True,2021-10-19 04:41:53,0.69573,True
0.69573,7254947,True,2021-10-21 08:36:06,0.69573,True
0.69573,7538095,True,2021-10-29 13:23:35,0.69573,True
0.69573,7681068,True,2021-11-08 00:17:59,0.69573,True
0.69573,7282832,True,2021-11-10 18:24:55,0.69573,True
0.69408,7261336,True,2021-09-21 02:36:02,0.69408,True
0.69375,7618989,True,2021-11-15 03:15:29,0.69375,True
0.69218,7609016,True,2021-11-12 23:16:08,0.69218,True
0.69097,7382859,True,2021-11-10 13:58:07,0.69097,True
0.68906,7626985,True,2021-11-09 16:17:54,0.68906,True
0.68718,7616318,True,2021-11-12 18:42:51,0.68718,True
0.68587,7261419,True,2021-08-26 10:01:24,0.68587,True
0.68469,7263011,True,2021-10-22 08:59:28,0.68469,True
0.68460,7689667,True,2021-11-15 05:21:07,0.68460,True
0.68454,7603264,True,2021-11-14 23:45:45,0.68454,True
0.68371,7264446,True,2021-09-03 18:16:24,0.68371,True
0.68292,7511647,True,2021-10-16 08:19:44,0.68292,True
0.68278,7260838,True,2021-10-24 12:25:20,0.68278,True
0.68276,7307533,True,2021-09-03 20:57:56,0.68276,True
0.68276,7326887,True,2021-09-17 13:52:25,0.68276,True
0.68189,7255894,True,2021-09-20 11:22:13,0.68189,True
0.67607,7289059,True,2021-08-18 06:45:41,0.67607,True
0.67607,7317785,True,2021-08-22 12:07:09,0.67607,True
0.67607,7495080,True,2021-10-01 14:40:37,0.67607,True
0.67523,7255400,True,2021-11-15 17:32:55,0.67523,True
0.67156,7661265,True,2021-11-11 02:43:18,0.67156,True
0.67136,7647039,True,2021-11-01 19:23:42,0.67136,True
0.67136,7659911,True,2021-11-03 12:28:42,0.67136,True
0.67136,7677909,True,2021-11-06 15:41:50,0.67136,True
0.66831,7301378,True,2021-11-04 08:13:50,0.66831,True
0.66523,7252666,True,2021-08-13 15:17:32,0.66523,True
0.66521,7371713,True,2021-10-05 14:12:13,0.66521,True
0.65571,7255571,True,2021-08-19 21:40:53,0.65571,True
0.65397,7590500,True,2021-11-13 04:45:17,0.65397,True
0.64966,7681873,True,2021-11-08 08:23:39,0.64966,True
0.64803,7252119,True,2021-09-08 14:27:50,0.64803,True
0.64789,7352407,True,2021-11-08 19:52:04,0.64789,True
0.64225,7635722,True,2021-11-15 18:48:58,0.64225,True
0.63306,7440556,True,2021-09-20 06:20:18,0.63306,True
0.62718,7331453,True,2021-08-30 16:39:13,0.62718,True
0.62439,7381144,True,2021-09-08 07:42:04,0.62439,True
0.62181,7516422,True,2021-11-02 06:36:08,0.62181,True
0.61101,7251461,True,2021-08-12 09:15:55,0.61101,True
0.60419,7259397,True,2021-11-08 14:46:16,0.60419,True
0.60144,7408634,True,2021-09-27 01:32:19,0.60144,True
0.59982,7260654,True,2021-09-02 05:56:57,0.59982,True
0.59960,7271931,True,2021-09-06 20:19:07,0.59960,True
0.59805,7308076,True,2021-10-10 17:50:47,0.59805,True
0.59793,7276685,True,2021-08-31 12:19:51,0.59793,True
0.59519,7414601,True,2021-09-29 11:29:07,0.59519,True
0.59488,7290273,True,2021-08-20 17:53:19,0.59488,True
0.58925,7643908,True,2021-11-09 11:51:02,0.58925,True
0.58238,7251947,True,2021-08-12 02:10:54,0.58238,True
0.58238,7251884,True,2021-08-12 06:12:46,0.58238,True
0.58238,7255344,True,2021-08-12 14:50:00,0.58238,True
0.58238,7255264,True,2021-08-19 08:05:54,0.58238,True
0.58238,7252267,True,2021-08-13 06:41:05,0.58238,True
0.57203,7391333,True,2021-11-06 14:16:01,0.57203,True
0.56341,7368689,True,2021-09-11 23:14:30,0.56341,True
0.56250,7347058,True,2021-08-28 14:49:44,0.56250,True
0.56250,7344202,True,2021-09-07 02:04:05,0.56250,True
0.56214,7301095,True,2021-08-24 11:14:34,0.56214,True
0.54499,7251479,True,2021-08-12 07:02:31,0.54499,True
0.54398,7261568,True,2021-08-13 06:05:46,0.54398,True
0.54398,7255512,True,2021-08-18 19:42:39,0.54398,True
0.54398,7254695,True,2021-08-19 03:49:02,0.54398,True
0.54398,7346857,True,2021-10-01 11:18:42,0.54398,True
0.54398,7679380,True,2021-11-15 23:06:34,0.54398,True
0.53763,7628089,True,2021-10-28 17:49:54,0.53763,True
0.53763,7640153,True,2021-11-06 16:02:45,0.53763,True
0.53763,7490410,True,2021-11-14 08:55:38,0.53763,True
0.53352,7251242,True,2021-08-12 02:23:11,0.53352,True
0.52272,7319332,True,2021-08-22 18:04:23,0.52272,True
0.52272,7258974,True,2021-08-22 00:01:38,0.52272,True
0.51305,7674148,True,2021-11-15 23:29:46,0.51305,True
0.51116,7271549,True,2021-11-14 21:11:04,0.51116,True
0.50567,7261341,True,2021-08-20 05:27:01,0.50567,True
0.47440,7251454,True,2021-08-16 11:12:14,0.47440,True
0.46839,7343017,True,2021-10-25 22:19:58,0.46839,True
0.46839,7266466,True,2021-11-05 12:13:26,0.46839,True
0.46101,7261225,True,2021-10-22 09:26:06,0.46101,True
0.45637,7259191,True,2021-08-16 22:42:15,0.45637,True
0.45637,7279492,True,2021-08-19 04:28:23,0.45637,True
0.43310,7645113,True,2021-11-15 07:40:22,0.43310,True
0.42507,7262590,True,2021-09-05 19:23:03,0.42507,True
0.34442,7255402,True,2021-08-14 13:46:19,0.34442,True
0.34369,7415165,True,2021-09-19 13:04:12,0.34369,True
0.33016,7312737,True,2021-09-29 11:54:27,0.33016,True
0.31750,7339697,True,2021-08-27 17:07:12,0.31750,True
0.31375,7295852,True,2021-10-03 09:29:27,0.31375,True
0.31029,7277182,True,2021-09-22 16:04:47,0.31029,True
0.30100,7369534,True,2021-09-20 08:58:29,0.30100,True
0.27884,7258824,True,2021-08-13 15:49:08,0.27884,True
0.21339,7628732,True,2021-11-06 07:13:56,0.21339,True
0.18526,7297598,True,2021-08-21 20:22:12,0.18526,True
0.16589,7258082,True,2021-09-18 09:31:26,0.16589,True
0.14340,7440459,True,2021-09-20 05:55:10,0.14340,True
0.11334,7298130,True,2021-08-21 06:55:19,0.11334,True
0.07819,7251399,True,2021-08-11 22:06:36,0.07819,True
0.07819,7253668,True,2021-08-12 17:35:36,0.07819,True
0.07819,7263023,True,2021-08-13 19:21:53,0.07819,True
0.04680,7609150,True,2021-11-08 11:45:56,0.04680,True
0.02798,7596703,True,2021-10-26 17:11:40,0.02798,True
0.02595,7267645,True,2021-10-07 22:13:54,0.02595,True
0.02431,7288292,True,2021-09-01 05:54:45,0.02431,True
0.01902,7387756,True,2021-10-09 18:19:11,0.01902,True
0.01440,7347347,True,2021-09-11 09:51:28,0.01440,True
0.01082,7380253,True,2021-10-03 16:34:16,0.01082,True
0.00633,7251019,True,2021-08-11 20:13:45,0.00633,True
0.00633,7437662,True,2021-10-03 13:01:55,0.00633,True
0.00633,7575804,True,2021-10-18 14:07:27,0.00633,True
0.00633,7598001,True,2021-10-22 17:02:39,0.00633,True
0.00519,7272475,True,2021-09-05 13:27:44,0.00519,True
0.00198,7260403,True,2021-08-21 07:32:30,0.00198,True
0.00019,7307976,True,2021-11-10 16:10:26,0.00019,True
0.00000,7273997,True,2021-08-15 03:06:14,0.00000,True
0.00000,7278085,True,2021-08-15 23:20:01,0.00000,True
0.00000,7384592,True,2021-09-06 00:07:04,0.00000,True
0.00000,7260545,True,2021-10-04 16:08:05,0.00000,True
0.00000,7649180,True,2021-11-03 01:33:38,0.00000,True
0.00000,7663360,True,2021-11-06 09:46:29,0.00000,True
